order_id,date,item_name,item_type,item_price,quantity,transaction_amount,transaction_type,received_by,time_of_sale,ano,nome_mes,dia_semana
1,2022-07-03,Aalopuri,Fastfood,20,13,260,desconhecido,male,Night,2022,July,Sunday
2,2022-08-23,Vadapav,Fastfood,20,15,300,Cash,male,Afternoon,2022,August,Tuesday
3,2022-11-20,Vadapav,Fastfood,20,1,20,Cash,male,Afternoon,2022,November,Sunday
4,2023-02-03,Sugarcane juice,Beverages,25,6,150,Online,male,Night,2023,February,Friday
5,2022-10-02,Sugarcane juice,Beverages,25,8,200,Online,male,Evening,2022,October,Sunday
6,2022-11-14,Vadapav,Fastfood,20,10,200,Cash,male,Evening,2022,November,Monday
7,2022-05-03,Sugarcane juice,Beverages,25,9,225,Cash,male,Evening,2022,May,Tuesday
8,2022-12-22,Panipuri,Fastfood,20,14,280,Online,male,Night,2022,December,Thursday
9,2022-06-10,Panipuri,Fastfood,20,1,20,Cash,female,Morning,2022,June,Friday
10,2022-09-16,Panipuri,Fastfood,20,5,100,Online,male,Afternoon,2022,September,Friday
11,2022-12-01,Frankie,Fastfood,50,8,400,Online,female,Afternoon,2022,December,Thursday
12,2022-07-12,Vadapav,Fastfood,20,8,160,Online,female,Night,2022,July,Tuesday
13,2022-12-22,Panipuri,Fastfood,20,9,180,Online,female,Afternoon,2022,December,Thursday
14,2022-11-25,Frankie,Fastfood,50,4,200,Online,male,Morning,2022,November,Friday
15,2023-02-03,Aalopuri,Fastfood,20,3,60,Cash,female,Evening,2023,February,Friday
16,2022-04-14,Sandwich,Fastfood,60,11,660,desconhecido,female,Midnight,2022,April,Thursday
17,2022-10-16,Panipuri,Fastfood,20,11,220,Cash,female,Morning,2022,October,Sunday
18,2022-11-05,Panipuri,Fastfood,20,10,200,Cash,female,Night,2022,November,Saturday
19,2022-08-22,Panipuri,Fastfood,20,11,220,Cash,female,Night,2022,August,Monday
20,2022-09-15,Cold coffee,Beverages,40,10,400,Online,male,Night,2022,September,Thursday
21,2022-12-21,Cold coffee,Beverages,40,15,600,Cash,male,Evening,2022,December,Wednesday
22,2022-10-04,Sugarcane juice,Beverages,25,12,300,Online,male,Evening,2022,October,Tuesday
23,2022-05-26,Sandwich,Fastfood,60,3,180,Online,male,Midnight,2022,May,Thursday
24,2023-02-11,Sugarcane juice,Beverages,25,10,250,Online,male,Afternoon,2023,February,Saturday
25,2022-08-31,Sandwich,Fastfood,60,1,60,Online,female,Evening,2022,August,Wednesday
26,2022-08-18,Sugarcane juice,Beverages,25,4,100,Cash,male,Afternoon,2022,August,Thursday
27,2022-10-12,Cold coffee,Beverages,40,11,440,Online,female,Afternoon,2022,October,Wednesday
28,2023-01-06,Cold coffee,Beverages,40,10,400,Online,female,Afternoon,2023,January,Friday
29,2023-02-10,Sugarcane juice,Beverages,25,9,225,Online,male,Afternoon,2023,February,Friday
30,2023-01-28,Frankie,Fastfood,50,2,100,Cash,female,Night,2023,January,Saturday
31,2022-09-14,Cold coffee,Beverages,40,13,520,Online,female,Evening,2022,September,Wednesday
32,2022-05-06,Aalopuri,Fastfood,20,4,80,desconhecido,male,Morning,2022,May,Friday
33,2023-02-05,Aalopuri,Fastfood,20,13,260,Online,male,Night,2023,February,Sunday
34,2023-02-04,Frankie,Fastfood,50,12,600,Online,female,Evening,2023,February,Saturday
35,2022-05-22,Vadapav,Fastfood,20,8,160,Cash,male,Morning,2022,May,Sunday
36,2022-07-02,Cold coffee,Beverages,40,10,400,Online,male,Afternoon,2022,July,Saturday
37,2023-01-05,Frankie,Fastfood,50,10,500,Cash,male,Night,2023,January,Thursday
38,2023-03-08,Panipuri,Fastfood,20,12,240,Online,female,Night,2023,March,Wednesday
39,2022-05-14,Vadapav,Fastfood,20,2,40,Online,male,Evening,2022,May,Saturday
40,2023-02-05,Sandwich,Fastfood,60,5,300,Online,female,Night,2023,February,Sunday
41,2022-11-13,Cold coffee,Beverages,40,11,440,desconhecido,male,Afternoon,2022,November,Sunday
42,2022-05-09,Aalopuri,Fastfood,20,8,160,Online,female,Night,2022,May,Monday
43,2022-05-26,Vadapav,Fastfood,20,1,20,Cash,male,Night,2022,May,Thursday
44,2022-08-28,Cold coffee,Beverages,40,12,480,Cash,male,Evening,2022,August,Sunday
45,2022-08-15,Sugarcane juice,Beverages,25,6,150,Cash,female,Afternoon,2022,August,Monday
46,2022-05-07,Vadapav,Fastfood,20,7,140,Cash,male,Evening,2022,May,Saturday
47,2022-07-10,Sandwich,Fastfood,60,7,420,desconhecido,male,Morning,2022,July,Sunday
48,2023-02-23,Sandwich,Fastfood,60,14,840,Online,male,Afternoon,2023,February,Thursday
49,2022-11-06,Frankie,Fastfood,50,4,200,Online,female,Morning,2022,November,Sunday
50,2022-11-02,Vadapav,Fastfood,20,8,160,Cash,female,Midnight,2022,November,Wednesday
51,2022-05-16,Frankie,Fastfood,50,15,750,Online,female,Morning,2022,May,Monday
52,2023-03-16,Sugarcane juice,Beverages,25,12,300,Cash,female,Midnight,2023,March,Thursday
53,2022-07-26,Aalopuri,Fastfood,20,13,260,Cash,male,Afternoon,2022,July,Tuesday
54,2022-12-28,Panipuri,Fastfood,20,14,280,Online,female,Morning,2022,December,Wednesday
55,2022-05-07,Sandwich,Fastfood,60,10,600,Cash,male,Night,2022,May,Saturday
56,2022-11-23,Panipuri,Fastfood,20,11,220,Cash,female,Midnight,2022,November,Wednesday
57,2022-08-04,Panipuri,Fastfood,20,14,280,Online,female,Morning,2022,August,Thursday
58,2023-02-03,Vadapav,Fastfood,20,6,120,Online,female,Morning,2023,February,Friday
59,2022-07-01,Vadapav,Fastfood,20,5,100,Cash,male,Morning,2022,July,Friday
60,2022-06-11,Cold coffee,Beverages,40,2,80,Online,male,Night,2022,June,Saturday
61,2022-12-25,Vadapav,Fastfood,20,14,280,Cash,female,Afternoon,2022,December,Sunday
62,2022-10-17,Sugarcane juice,Beverages,25,3,75,Cash,male,Afternoon,2022,October,Monday
63,2022-12-01,Sandwich,Fastfood,60,7,420,Online,female,Morning,2022,December,Thursday
64,2022-12-09,Cold coffee,Beverages,40,1,40,Cash,male,Morning,2022,December,Friday
65,2022-07-25,Aalopuri,Fastfood,20,4,80,Cash,male,Morning,2022,July,Monday
66,2022-04-05,Frankie,Fastfood,50,2,100,Cash,female,Morning,2022,April,Tuesday
67,2022-05-15,Aalopuri,Fastfood,20,9,180,Cash,male,Midnight,2022,May,Sunday
68,2022-12-17,Cold coffee,Beverages,40,2,80,desconhecido,male,Night,2022,December,Saturday
69,2023-01-10,Vadapav,Fastfood,20,7,140,Cash,male,Midnight,2023,January,Tuesday
70,2022-05-09,Cold coffee,Beverages,40,14,560,desconhecido,female,Morning,2022,May,Monday
71,2022-12-05,Cold coffee,Beverages,40,6,240,Online,male,Night,2022,December,Monday
72,2023-03-09,Frankie,Fastfood,50,13,650,Online,male,Afternoon,2023,March,Thursday
73,2022-07-29,Panipuri,Fastfood,20,5,100,Cash,male,Midnight,2022,July,Friday
74,2022-08-15,Cold coffee,Beverages,40,10,400,Online,female,Evening,2022,August,Monday
75,2023-02-02,Cold coffee,Beverages,40,6,240,Online,female,Afternoon,2023,February,Thursday
76,2022-08-17,Vadapav,Fastfood,20,9,180,Online,male,Morning,2022,August,Wednesday
77,2023-02-04,Sugarcane juice,Beverages,25,12,300,Cash,female,Midnight,2023,February,Saturday
78,2022-10-01,Vadapav,Fastfood,20,4,80,Cash,female,Evening,2022,October,Saturday
79,2022-11-05,Panipuri,Fastfood,20,6,120,Online,male,Night,2022,November,Saturday
80,2022-05-24,Frankie,Fastfood,50,13,650,Cash,male,Evening,2022,May,Tuesday
81,2022-11-19,Frankie,Fastfood,50,12,600,Online,female,Night,2022,November,Saturday
82,2022-07-17,Frankie,Fastfood,50,3,150,Online,female,Evening,2022,July,Sunday
83,2022-11-13,Frankie,Fastfood,50,11,550,desconhecido,male,Evening,2022,November,Sunday
84,2023-03-03,Panipuri,Fastfood,20,13,260,Cash,male,Midnight,2023,March,Friday
85,2022-08-19,Aalopuri,Fastfood,20,3,60,Online,female,Night,2022,August,Friday
86,2023-03-09,Aalopuri,Fastfood,20,15,300,Cash,male,Morning,2023,March,Thursday
87,2022-05-29,Aalopuri,Fastfood,20,8,160,Cash,male,Night,2022,May,Sunday
88,2022-07-07,Cold coffee,Beverages,40,10,400,Cash,male,Evening,2022,July,Thursday
89,2022-12-23,Aalopuri,Fastfood,20,14,280,Cash,male,Evening,2022,December,Friday
90,2022-10-29,Vadapav,Fastfood,20,15,300,Online,male,Night,2022,October,Saturday
91,2023-03-22,Cold coffee,Beverages,40,6,240,desconhecido,female,Evening,2023,March,Wednesday
92,2022-05-13,Aalopuri,Fastfood,20,15,300,Cash,male,Afternoon,2022,May,Friday
93,2022-07-03,Cold coffee,Beverages,40,2,80,Online,female,Midnight,2022,July,Sunday
94,2022-09-14,Aalopuri,Fastfood,20,15,300,desconhecido,female,Night,2022,September,Wednesday
95,2022-05-12,Sugarcane juice,Beverages,25,8,200,Online,male,Night,2022,May,Thursday
96,2022-08-22,Sandwich,Fastfood,60,15,900,desconhecido,male,Morning,2022,August,Monday
97,2023-03-29,Cold coffee,Beverages,40,13,520,Online,male,Evening,2023,March,Wednesday
98,2022-12-24,Vadapav,Fastfood,20,1,20,Online,male,Morning,2022,December,Saturday
99,2022-09-11,Sugarcane juice,Beverages,25,3,75,Cash,male,Evening,2022,September,Sunday
100,2022-05-08,Panipuri,Fastfood,20,11,220,desconhecido,male,Morning,2022,May,Sunday
101,2023-03-26,Vadapav,Fastfood,20,3,60,Online,female,Morning,2023,March,Sunday
102,2023-03-13,Cold coffee,Beverages,40,14,560,Cash,male,Morning,2023,March,Monday
103,2023-03-14,Cold coffee,Beverages,40,8,320,Online,female,Midnight,2023,March,Tuesday
104,2022-10-27,Cold coffee,Beverages,40,13,520,Online,male,Morning,2022,October,Thursday
105,2023-01-25,Panipuri,Fastfood,20,8,160,Cash,female,Evening,2023,January,Wednesday
106,2023-02-25,Frankie,Fastfood,50,9,450,Cash,female,Evening,2023,February,Saturday
107,2023-02-07,Sandwich,Fastfood,60,4,240,Online,male,Afternoon,2023,February,Tuesday
108,2022-08-06,Panipuri,Fastfood,20,5,100,Online,male,Afternoon,2022,August,Saturday
109,2022-08-08,Cold coffee,Beverages,40,12,480,desconhecido,male,Afternoon,2022,August,Monday
110,2022-11-16,Panipuri,Fastfood,20,2,40,Online,female,Morning,2022,November,Wednesday
111,2022-09-04,Sandwich,Fastfood,60,8,480,Cash,female,Midnight,2022,September,Sunday
112,2023-02-24,Sandwich,Fastfood,60,7,420,Cash,male,Morning,2023,February,Friday
113,2022-12-12,Aalopuri,Fastfood,20,8,160,Cash,male,Afternoon,2022,December,Monday
114,2022-08-14,Aalopuri,Fastfood,20,10,200,Online,male,Afternoon,2022,August,Sunday
115,2023-01-12,Aalopuri,Fastfood,20,13,260,desconhecido,male,Evening,2023,January,Thursday
116,2022-08-26,Sugarcane juice,Beverages,25,13,325,Cash,male,Evening,2022,August,Friday
117,2023-03-09,Frankie,Fastfood,50,7,350,Online,female,Evening,2023,March,Thursday
118,2022-07-06,Sandwich,Fastfood,60,1,60,Online,male,Midnight,2022,July,Wednesday
119,2022-05-12,Panipuri,Fastfood,20,10,200,Cash,male,Evening,2022,May,Thursday
120,2022-07-10,Frankie,Fastfood,50,2,100,Cash,female,Evening,2022,July,Sunday
121,2022-08-26,Cold coffee,Beverages,40,8,320,Cash,male,Afternoon,2022,August,Friday
122,2022-04-24,Panipuri,Fastfood,20,3,60,desconhecido,female,Night,2022,April,Sunday
123,2022-06-09,Cold coffee,Beverages,40,6,240,Online,male,Evening,2022,June,Thursday
124,2022-10-14,Sugarcane juice,Beverages,25,13,325,desconhecido,female,Evening,2022,October,Friday
125,2022-04-10,Vadapav,Fastfood,20,7,140,Cash,female,Midnight,2022,April,Sunday
126,2022-04-08,Panipuri,Fastfood,20,11,220,Online,female,Night,2022,April,Friday
127,2022-12-03,Aalopuri,Fastfood,20,1,20,desconhecido,female,Morning,2022,December,Saturday
128,2022-08-07,Vadapav,Fastfood,20,11,220,Online,male,Midnight,2022,August,Sunday
129,2022-10-19,Panipuri,Fastfood,20,13,260,Cash,female,Morning,2022,October,Wednesday
130,2022-12-28,Sugarcane juice,Beverages,25,7,175,Cash,male,Night,2022,December,Wednesday
131,2023-01-19,Sandwich,Fastfood,60,8,480,Cash,male,Night,2023,January,Thursday
132,2022-12-05,Vadapav,Fastfood,20,4,80,Online,female,Night,2022,December,Monday
133,2022-12-20,Aalopuri,Fastfood,20,5,100,Online,male,Midnight,2022,December,Tuesday
134,2022-07-17,Aalopuri,Fastfood,20,12,240,Online,female,Night,2022,July,Sunday
135,2023-01-14,Aalopuri,Fastfood,20,8,160,Online,male,Midnight,2023,January,Saturday
136,2022-08-24,Aalopuri,Fastfood,20,15,300,Online,male,Morning,2022,August,Wednesday
137,2023-03-19,Sugarcane juice,Beverages,25,6,150,desconhecido,male,Afternoon,2023,March,Sunday
138,2022-09-01,Sandwich,Fastfood,60,15,900,Online,male,Night,2022,September,Thursday
139,2023-02-26,Frankie,Fastfood,50,11,550,Online,female,Night,2023,February,Sunday
140,2022-06-12,Frankie,Fastfood,50,13,650,Cash,male,Night,2022,June,Sunday
141,2022-06-15,Aalopuri,Fastfood,20,4,80,desconhecido,male,Evening,2022,June,Wednesday
142,2022-12-30,Sugarcane juice,Beverages,25,12,300,Cash,female,Morning,2022,December,Friday
143,2022-09-18,Frankie,Fastfood,50,8,400,desconhecido,female,Afternoon,2022,September,Sunday
144,2022-11-17,Panipuri,Fastfood,20,10,200,Cash,female,Evening,2022,November,Thursday
145,2022-10-09,Sandwich,Fastfood,60,14,840,Online,male,Morning,2022,October,Sunday
146,2022-10-28,Frankie,Fastfood,50,4,200,desconhecido,female,Afternoon,2022,October,Friday
147,2022-05-17,Panipuri,Fastfood,20,7,140,Online,male,Evening,2022,May,Tuesday
148,2023-03-19,Sandwich,Fastfood,60,13,780,Online,male,Evening,2023,March,Sunday
149,2022-08-09,Sandwich,Fastfood,60,7,420,Online,male,Morning,2022,August,Tuesday
150,2023-01-30,Cold coffee,Beverages,40,14,560,Cash,male,Afternoon,2023,January,Monday
151,2022-07-10,Frankie,Fastfood,50,13,650,Online,female,Morning,2022,July,Sunday
152,2022-10-24,Cold coffee,Beverages,40,9,360,Online,male,Afternoon,2022,October,Monday
153,2022-07-21,Panipuri,Fastfood,20,1,20,Cash,female,Evening,2022,July,Thursday
154,2022-12-13,Vadapav,Fastfood,20,3,60,Cash,male,Night,2022,December,Tuesday
155,2023-02-07,Sugarcane juice,Beverages,25,10,250,Cash,female,Evening,2023,February,Tuesday
156,2023-03-25,Panipuri,Fastfood,20,14,280,Cash,male,Midnight,2023,March,Saturday
157,2023-02-24,Frankie,Fastfood,50,7,350,Online,female,Midnight,2023,February,Friday
158,2022-05-16,Aalopuri,Fastfood,20,2,40,desconhecido,male,Midnight,2022,May,Monday
159,2022-10-03,Sugarcane juice,Beverages,25,1,25,Online,female,Afternoon,2022,October,Monday
160,2022-07-23,Vadapav,Fastfood,20,10,200,Online,male,Night,2022,July,Saturday
161,2023-01-19,Sugarcane juice,Beverages,25,12,300,Cash,male,Evening,2023,January,Thursday
162,2022-05-07,Aalopuri,Fastfood,20,11,220,Cash,male,Midnight,2022,May,Saturday
163,2023-01-06,Frankie,Fastfood,50,6,300,Online,female,Midnight,2023,January,Friday
164,2022-08-10,Sugarcane juice,Beverages,25,7,175,Online,male,Afternoon,2022,August,Wednesday
165,2023-01-05,Sandwich,Fastfood,60,11,660,Cash,male,Midnight,2023,January,Thursday
166,2022-06-01,Panipuri,Fastfood,20,6,120,Cash,female,Evening,2022,June,Wednesday
167,2023-02-23,Cold coffee,Beverages,40,6,240,Cash,female,Morning,2023,February,Thursday
168,2022-04-19,Sandwich,Fastfood,60,4,240,Cash,female,Midnight,2022,April,Tuesday
169,2022-06-20,Vadapav,Fastfood,20,6,120,Cash,male,Morning,2022,June,Monday
170,2023-02-13,Aalopuri,Fastfood,20,6,120,desconhecido,female,Afternoon,2023,February,Monday
171,2023-03-02,Vadapav,Fastfood,20,11,220,Cash,female,Midnight,2023,March,Thursday
172,2022-08-27,Sugarcane juice,Beverages,25,6,150,Online,female,Night,2022,August,Saturday
173,2023-01-20,Cold coffee,Beverages,40,2,80,Online,male,Night,2023,January,Friday
174,2022-09-03,Aalopuri,Fastfood,20,2,40,Online,male,Evening,2022,September,Saturday
175,2022-10-17,Frankie,Fastfood,50,12,600,Cash,female,Afternoon,2022,October,Monday
176,2022-08-04,Panipuri,Fastfood,20,1,20,Cash,female,Midnight,2022,August,Thursday
177,2022-07-21,Panipuri,Fastfood,20,11,220,Online,female,Morning,2022,July,Thursday
178,2022-12-09,Aalopuri,Fastfood,20,2,40,Cash,female,Morning,2022,December,Friday
179,2023-03-03,Sugarcane juice,Beverages,25,5,125,desconhecido,female,Midnight,2023,March,Friday
180,2022-12-01,Vadapav,Fastfood,20,6,120,Online,female,Afternoon,2022,December,Thursday
181,2022-06-09,Cold coffee,Beverages,40,7,280,Cash,female,Night,2022,June,Thursday
182,2022-07-02,Cold coffee,Beverages,40,1,40,Cash,male,Midnight,2022,July,Saturday
183,2022-07-10,Sugarcane juice,Beverages,25,5,125,Cash,female,Midnight,2022,July,Sunday
184,2023-01-03,Cold coffee,Beverages,40,8,320,Cash,male,Night,2023,January,Tuesday
185,2023-01-13,Sugarcane juice,Beverages,25,15,375,desconhecido,male,Night,2023,January,Friday
186,2023-03-15,Frankie,Fastfood,50,2,100,Online,male,Afternoon,2023,March,Wednesday
187,2022-10-11,Aalopuri,Fastfood,20,15,300,Cash,female,Morning,2022,October,Tuesday
188,2022-12-28,Panipuri,Fastfood,20,14,280,Cash,female,Night,2022,December,Wednesday
189,2023-02-08,Vadapav,Fastfood,20,12,240,Online,male,Afternoon,2023,February,Wednesday
190,2022-04-26,Cold coffee,Beverages,40,1,40,Online,male,Evening,2022,April,Tuesday
191,2022-05-20,Sugarcane juice,Beverages,25,14,350,Cash,female,Morning,2022,May,Friday
192,2022-10-26,Vadapav,Fastfood,20,2,40,Online,male,Night,2022,October,Wednesday
193,2023-02-05,Cold coffee,Beverages,40,15,600,Online,female,Midnight,2023,February,Sunday
194,2022-12-15,Vadapav,Fastfood,20,4,80,Cash,female,Morning,2022,December,Thursday
195,2022-04-23,Sandwich,Fastfood,60,4,240,Cash,female,Night,2022,April,Saturday
196,2022-06-25,Sandwich,Fastfood,60,3,180,Cash,male,Evening,2022,June,Saturday
197,2022-11-08,Panipuri,Fastfood,20,10,200,Cash,female,Midnight,2022,November,Tuesday
198,2023-01-05,Frankie,Fastfood,50,15,750,Cash,male,Morning,2023,January,Thursday
199,2023-02-01,Frankie,Fastfood,50,6,300,Online,female,Morning,2023,February,Wednesday
200,2022-12-25,Cold coffee,Beverages,40,10,400,Cash,female,Morning,2022,December,Sunday
201,2022-06-30,Panipuri,Fastfood,20,8,160,Cash,male,Morning,2022,June,Thursday
202,2022-09-21,Aalopuri,Fastfood,20,9,180,Cash,male,Afternoon,2022,September,Wednesday
203,2022-04-11,Vadapav,Fastfood,20,6,120,Online,female,Midnight,2022,April,Monday
204,2022-10-24,Cold coffee,Beverages,40,7,280,Cash,female,Evening,2022,October,Monday
205,2022-10-17,Vadapav,Fastfood,20,4,80,desconhecido,male,Afternoon,2022,October,Monday
206,2022-07-27,Aalopuri,Fastfood,20,4,80,Cash,male,Night,2022,July,Wednesday
207,2023-02-20,Cold coffee,Beverages,40,8,320,Online,female,Evening,2023,February,Monday
208,2022-08-26,Cold coffee,Beverages,40,13,520,Cash,female,Midnight,2022,August,Friday
209,2022-12-04,Aalopuri,Fastfood,20,2,40,Cash,male,Night,2022,December,Sunday
210,2023-01-02,Sugarcane juice,Beverages,25,15,375,desconhecido,male,Night,2023,January,Monday
211,2022-04-18,Aalopuri,Fastfood,20,12,240,Cash,male,Morning,2022,April,Monday
212,2022-05-05,Cold coffee,Beverages,40,12,480,Online,female,Morning,2022,May,Thursday
213,2022-09-29,Vadapav,Fastfood,20,3,60,desconhecido,female,Midnight,2022,September,Thursday
214,2022-12-03,Sugarcane juice,Beverages,25,14,350,Online,male,Evening,2022,December,Saturday
215,2022-12-10,Sugarcane juice,Beverages,25,7,175,desconhecido,female,Morning,2022,December,Saturday
216,2023-03-07,Panipuri,Fastfood,20,9,180,Cash,female,Afternoon,2023,March,Tuesday
217,2023-03-23,Cold coffee,Beverages,40,10,400,Cash,male,Morning,2023,March,Thursday
218,2022-12-23,Cold coffee,Beverages,40,13,520,Online,female,Midnight,2022,December,Friday
219,2022-10-01,Aalopuri,Fastfood,20,9,180,Cash,female,Evening,2022,October,Saturday
220,2022-05-13,Sugarcane juice,Beverages,25,1,25,Cash,male,Afternoon,2022,May,Friday
221,2023-03-26,Sandwich,Fastfood,60,1,60,Online,male,Evening,2023,March,Sunday
222,2022-09-11,Sandwich,Fastfood,60,6,360,Cash,female,Morning,2022,September,Sunday
223,2022-09-21,Panipuri,Fastfood,20,13,260,Online,male,Night,2022,September,Wednesday
224,2023-03-23,Sugarcane juice,Beverages,25,14,350,Cash,male,Afternoon,2023,March,Thursday
225,2023-03-16,Frankie,Fastfood,50,11,550,Cash,female,Evening,2023,March,Thursday
226,2022-12-12,Aalopuri,Fastfood,20,13,260,Online,female,Afternoon,2022,December,Monday
227,2022-11-17,Cold coffee,Beverages,40,5,200,Cash,female,Afternoon,2022,November,Thursday
228,2022-11-05,Panipuri,Fastfood,20,8,160,Online,male,Night,2022,November,Saturday
229,2022-12-15,Panipuri,Fastfood,20,7,140,desconhecido,male,Evening,2022,December,Thursday
230,2022-04-16,Frankie,Fastfood,50,6,300,Online,male,Afternoon,2022,April,Saturday
231,2022-04-16,Sugarcane juice,Beverages,25,3,75,desconhecido,male,Night,2022,April,Saturday
232,2022-04-23,Vadapav,Fastfood,20,13,260,Cash,female,Night,2022,April,Saturday
233,2022-07-31,Panipuri,Fastfood,20,5,100,Cash,male,Morning,2022,July,Sunday
234,2022-07-27,Panipuri,Fastfood,20,10,200,Cash,male,Midnight,2022,July,Wednesday
235,2022-11-29,Sandwich,Fastfood,60,10,600,Cash,female,Afternoon,2022,November,Tuesday
236,2022-06-26,Vadapav,Fastfood,20,12,240,desconhecido,female,Evening,2022,June,Sunday
237,2022-11-08,Panipuri,Fastfood,20,13,260,Cash,female,Midnight,2022,November,Tuesday
238,2022-04-26,Vadapav,Fastfood,20,13,260,Cash,male,Morning,2022,April,Tuesday
239,2022-12-04,Frankie,Fastfood,50,4,200,Online,male,Evening,2022,December,Sunday
240,2022-12-11,Sandwich,Fastfood,60,10,600,Cash,female,Morning,2022,December,Sunday
241,2022-06-06,Sugarcane juice,Beverages,25,2,50,Cash,male,Afternoon,2022,June,Monday
242,2022-12-23,Cold coffee,Beverages,40,4,160,Online,female,Midnight,2022,December,Friday
243,2022-11-12,Panipuri,Fastfood,20,5,100,Cash,female,Midnight,2022,November,Saturday
244,2022-11-22,Sandwich,Fastfood,60,10,600,Online,female,Midnight,2022,November,Tuesday
245,2022-10-03,Vadapav,Fastfood,20,2,40,Cash,female,Morning,2022,October,Monday
246,2022-11-16,Vadapav,Fastfood,20,10,200,Cash,male,Afternoon,2022,November,Wednesday
247,2022-10-03,Sugarcane juice,Beverages,25,6,150,desconhecido,male,Midnight,2022,October,Monday
248,2022-04-17,Frankie,Fastfood,50,5,250,Online,female,Midnight,2022,April,Sunday
249,2022-10-26,Sugarcane juice,Beverages,25,3,75,Online,female,Afternoon,2022,October,Wednesday
250,2022-11-15,Sugarcane juice,Beverages,25,6,150,Online,female,Midnight,2022,November,Tuesday
251,2022-12-21,Cold coffee,Beverages,40,13,520,desconhecido,female,Afternoon,2022,December,Wednesday
252,2023-03-26,Vadapav,Fastfood,20,8,160,Online,male,Midnight,2023,March,Sunday
253,2022-06-18,Sugarcane juice,Beverages,25,13,325,Online,male,Afternoon,2022,June,Saturday
254,2022-10-09,Cold coffee,Beverages,40,12,480,desconhecido,female,Afternoon,2022,October,Sunday
255,2022-04-30,Vadapav,Fastfood,20,7,140,desconhecido,female,Afternoon,2022,April,Saturday
256,2023-03-16,Aalopuri,Fastfood,20,3,60,Online,female,Midnight,2023,March,Thursday
257,2023-01-03,Sandwich,Fastfood,60,10,600,Cash,female,Midnight,2023,January,Tuesday
258,2022-09-06,Vadapav,Fastfood,20,14,280,Cash,male,Midnight,2022,September,Tuesday
259,2022-11-18,Sandwich,Fastfood,60,4,240,Online,male,Morning,2022,November,Friday
260,2022-09-10,Sugarcane juice,Beverages,25,2,50,Online,female,Night,2022,September,Saturday
261,2023-01-11,Frankie,Fastfood,50,9,450,Cash,female,Midnight,2023,January,Wednesday
262,2023-03-05,Vadapav,Fastfood,20,5,100,desconhecido,female,Evening,2023,March,Sunday
263,2022-06-19,Panipuri,Fastfood,20,2,40,Cash,male,Evening,2022,June,Sunday
264,2022-07-18,Sugarcane juice,Beverages,25,12,300,Online,male,Morning,2022,July,Monday
265,2022-08-15,Vadapav,Fastfood,20,6,120,Cash,male,Midnight,2022,August,Monday
266,2022-10-02,Frankie,Fastfood,50,10,500,Online,female,Night,2022,October,Sunday
267,2023-03-05,Vadapav,Fastfood,20,1,20,Cash,male,Morning,2023,March,Sunday
268,2023-02-05,Cold coffee,Beverages,40,12,480,Cash,female,Midnight,2023,February,Sunday
269,2022-12-22,Panipuri,Fastfood,20,2,40,desconhecido,female,Midnight,2022,December,Thursday
270,2022-09-07,Sandwich,Fastfood,60,13,780,Cash,male,Evening,2022,September,Wednesday
271,2022-05-03,Vadapav,Fastfood,20,13,260,Cash,male,Evening,2022,May,Tuesday
272,2022-07-29,Frankie,Fastfood,50,5,250,Online,female,Night,2022,July,Friday
273,2022-08-15,Panipuri,Fastfood,20,15,300,Cash,male,Midnight,2022,August,Monday
274,2023-01-04,Sugarcane juice,Beverages,25,10,250,Online,male,Night,2023,January,Wednesday
275,2023-02-04,Vadapav,Fastfood,20,15,300,Online,male,Night,2023,February,Saturday
276,2022-09-30,Sugarcane juice,Beverages,25,6,150,Cash,male,Midnight,2022,September,Friday
277,2022-12-08,Cold coffee,Beverages,40,13,520,Cash,female,Midnight,2022,December,Thursday
278,2022-06-19,Frankie,Fastfood,50,6,300,Online,female,Night,2022,June,Sunday
279,2022-09-14,Vadapav,Fastfood,20,15,300,Cash,female,Afternoon,2022,September,Wednesday
280,2022-10-09,Panipuri,Fastfood,20,14,280,Online,female,Evening,2022,October,Sunday
281,2022-08-09,Sandwich,Fastfood,60,3,180,Cash,female,Afternoon,2022,August,Tuesday
282,2022-05-16,Vadapav,Fastfood,20,13,260,desconhecido,female,Morning,2022,May,Monday
283,2022-07-02,Panipuri,Fastfood,20,2,40,Cash,female,Midnight,2022,July,Saturday
284,2023-01-29,Frankie,Fastfood,50,7,350,desconhecido,male,Afternoon,2023,January,Sunday
285,2022-06-28,Aalopuri,Fastfood,20,3,60,desconhecido,male,Night,2022,June,Tuesday
286,2022-12-14,Vadapav,Fastfood,20,6,120,desconhecido,male,Night,2022,December,Wednesday
287,2022-08-06,Aalopuri,Fastfood,20,3,60,Cash,male,Morning,2022,August,Saturday
288,2022-08-22,Sandwich,Fastfood,60,7,420,Cash,male,Night,2022,August,Monday
289,2022-11-28,Aalopuri,Fastfood,20,7,140,Online,female,Midnight,2022,November,Monday
290,2022-05-03,Panipuri,Fastfood,20,7,140,Cash,female,Morning,2022,May,Tuesday
291,2023-01-27,Frankie,Fastfood,50,8,400,Online,female,Night,2023,January,Friday
292,2023-01-16,Frankie,Fastfood,50,2,100,Cash,female,Midnight,2023,January,Monday
293,2022-04-21,Panipuri,Fastfood,20,8,160,Online,female,Morning,2022,April,Thursday
294,2022-09-23,Aalopuri,Fastfood,20,1,20,Cash,female,Evening,2022,September,Friday
295,2022-07-21,Sandwich,Fastfood,60,7,420,Cash,male,Midnight,2022,July,Thursday
296,2023-02-06,Panipuri,Fastfood,20,7,140,Cash,female,Afternoon,2023,February,Monday
297,2022-04-30,Sandwich,Fastfood,60,10,600,Online,male,Evening,2022,April,Saturday
298,2022-07-19,Sugarcane juice,Beverages,25,9,225,Cash,female,Afternoon,2022,July,Tuesday
299,2022-07-22,Aalopuri,Fastfood,20,1,20,Online,female,Evening,2022,July,Friday
300,2022-06-27,Aalopuri,Fastfood,20,8,160,Cash,male,Afternoon,2022,June,Monday
301,2023-01-28,Panipuri,Fastfood,20,7,140,Cash,male,Night,2023,January,Saturday
302,2023-03-21,Aalopuri,Fastfood,20,14,280,Cash,male,Night,2023,March,Tuesday
303,2022-07-02,Sugarcane juice,Beverages,25,1,25,Cash,female,Midnight,2022,July,Saturday
304,2022-05-28,Vadapav,Fastfood,20,15,300,Online,male,Morning,2022,May,Saturday
305,2023-03-05,Panipuri,Fastfood,20,4,80,desconhecido,female,Morning,2023,March,Sunday
306,2023-03-03,Cold coffee,Beverages,40,8,320,Online,female,Morning,2023,March,Friday
307,2023-02-13,Vadapav,Fastfood,20,8,160,Cash,male,Evening,2023,February,Monday
308,2022-12-17,Sandwich,Fastfood,60,13,780,Online,male,Evening,2022,December,Saturday
309,2022-10-14,Sandwich,Fastfood,60,8,480,Online,male,Evening,2022,October,Friday
310,2022-04-25,Vadapav,Fastfood,20,4,80,Cash,male,Afternoon,2022,April,Monday
311,2022-07-31,Frankie,Fastfood,50,7,350,desconhecido,female,Morning,2022,July,Sunday
312,2022-12-28,Cold coffee,Beverages,40,1,40,Cash,female,Night,2022,December,Wednesday
313,2022-04-19,Cold coffee,Beverages,40,1,40,Cash,male,Midnight,2022,April,Tuesday
314,2023-02-27,Frankie,Fastfood,50,8,400,Online,female,Morning,2023,February,Monday
315,2023-02-20,Cold coffee,Beverages,40,13,520,Online,female,Afternoon,2023,February,Monday
316,2022-11-02,Frankie,Fastfood,50,4,200,Online,male,Morning,2022,November,Wednesday
317,2023-03-10,Aalopuri,Fastfood,20,12,240,Online,female,Afternoon,2023,March,Friday
318,2022-12-21,Aalopuri,Fastfood,20,10,200,Online,female,Midnight,2022,December,Wednesday
319,2022-06-30,Frankie,Fastfood,50,15,750,Cash,male,Afternoon,2022,June,Thursday
320,2023-03-18,Sugarcane juice,Beverages,25,7,175,Cash,female,Afternoon,2023,March,Saturday
321,2023-02-08,Frankie,Fastfood,50,12,600,Cash,female,Evening,2023,February,Wednesday
322,2022-05-05,Cold coffee,Beverages,40,11,440,Cash,male,Morning,2022,May,Thursday
323,2022-12-29,Aalopuri,Fastfood,20,4,80,Cash,male,Morning,2022,December,Thursday
324,2022-07-18,Sugarcane juice,Beverages,25,15,375,Online,female,Night,2022,July,Monday
325,2023-03-02,Aalopuri,Fastfood,20,12,240,desconhecido,female,Afternoon,2023,March,Thursday
326,2022-05-03,Sandwich,Fastfood,60,8,480,Cash,male,Evening,2022,May,Tuesday
327,2022-11-29,Frankie,Fastfood,50,15,750,Cash,female,Midnight,2022,November,Tuesday
328,2022-06-16,Vadapav,Fastfood,20,3,60,Online,male,Evening,2022,June,Thursday
329,2023-01-10,Panipuri,Fastfood,20,7,140,Online,female,Afternoon,2023,January,Tuesday
330,2022-09-22,Panipuri,Fastfood,20,8,160,desconhecido,male,Morning,2022,September,Thursday
331,2022-08-21,Panipuri,Fastfood,20,4,80,Online,female,Evening,2022,August,Sunday
332,2023-02-17,Aalopuri,Fastfood,20,2,40,desconhecido,female,Afternoon,2023,February,Friday
333,2022-10-30,Sugarcane juice,Beverages,25,11,275,Cash,female,Afternoon,2022,October,Sunday
334,2022-04-04,Cold coffee,Beverages,40,4,160,Cash,female,Evening,2022,April,Monday
335,2022-10-24,Cold coffee,Beverages,40,11,440,Cash,male,Night,2022,October,Monday
336,2022-09-03,Sugarcane juice,Beverages,25,13,325,desconhecido,female,Midnight,2022,September,Saturday
337,2022-10-15,Aalopuri,Fastfood,20,14,280,Online,female,Midnight,2022,October,Saturday
338,2022-05-06,Sugarcane juice,Beverages,25,12,300,Cash,male,Morning,2022,May,Friday
339,2023-02-16,Sugarcane juice,Beverages,25,1,25,desconhecido,female,Midnight,2023,February,Thursday
340,2022-06-02,Cold coffee,Beverages,40,4,160,Cash,female,Evening,2022,June,Thursday
341,2023-03-19,Frankie,Fastfood,50,9,450,Cash,female,Evening,2023,March,Sunday
342,2023-03-11,Vadapav,Fastfood,20,7,140,Online,male,Afternoon,2023,March,Saturday
343,2023-01-18,Sugarcane juice,Beverages,25,5,125,Cash,male,Afternoon,2023,January,Wednesday
344,2022-05-13,Cold coffee,Beverages,40,14,560,Cash,male,Night,2022,May,Friday
345,2022-05-09,Panipuri,Fastfood,20,14,280,Online,female,Night,2022,May,Monday
346,2023-01-31,Cold coffee,Beverages,40,12,480,Cash,male,Morning,2023,January,Tuesday
347,2022-06-24,Frankie,Fastfood,50,7,350,Cash,female,Afternoon,2022,June,Friday
348,2022-09-19,Vadapav,Fastfood,20,1,20,Online,female,Midnight,2022,September,Monday
349,2022-08-17,Panipuri,Fastfood,20,5,100,Cash,female,Evening,2022,August,Wednesday
350,2022-09-21,Cold coffee,Beverages,40,8,320,Online,female,Morning,2022,September,Wednesday
351,2022-07-08,Frankie,Fastfood,50,5,250,Online,female,Night,2022,July,Friday
352,2022-05-25,Frankie,Fastfood,50,11,550,Cash,female,Night,2022,May,Wednesday
353,2022-05-18,Vadapav,Fastfood,20,4,80,Online,female,Midnight,2022,May,Wednesday
354,2023-01-16,Panipuri,Fastfood,20,14,280,Online,male,Midnight,2023,January,Monday
355,2023-03-15,Cold coffee,Beverages,40,4,160,Online,male,Midnight,2023,March,Wednesday
356,2022-05-26,Sugarcane juice,Beverages,25,14,350,Cash,female,Night,2022,May,Thursday
357,2022-09-21,Sandwich,Fastfood,60,9,540,Online,female,Afternoon,2022,September,Wednesday
358,2022-10-27,Aalopuri,Fastfood,20,6,120,Cash,male,Night,2022,October,Thursday
359,2022-08-27,Aalopuri,Fastfood,20,13,260,Online,female,Night,2022,August,Saturday
360,2022-10-06,Cold coffee,Beverages,40,2,80,Online,female,Midnight,2022,October,Thursday
361,2022-06-30,Sandwich,Fastfood,60,15,900,desconhecido,female,Night,2022,June,Thursday
362,2022-12-30,Sugarcane juice,Beverages,25,2,50,Cash,male,Morning,2022,December,Friday
363,2022-05-09,Frankie,Fastfood,50,9,450,Online,male,Afternoon,2022,May,Monday
364,2022-10-11,Cold coffee,Beverages,40,2,80,Online,male,Night,2022,October,Tuesday
365,2022-07-08,Panipuri,Fastfood,20,10,200,Online,male,Night,2022,July,Friday
366,2022-11-30,Sugarcane juice,Beverages,25,10,250,Online,female,Afternoon,2022,November,Wednesday
367,2022-08-10,Panipuri,Fastfood,20,6,120,desconhecido,male,Afternoon,2022,August,Wednesday
368,2022-08-31,Cold coffee,Beverages,40,2,80,Cash,male,Night,2022,August,Wednesday
369,2022-07-03,Sandwich,Fastfood,60,2,120,Online,female,Evening,2022,July,Sunday
370,2022-05-28,Panipuri,Fastfood,20,5,100,desconhecido,female,Midnight,2022,May,Saturday
371,2022-10-18,Vadapav,Fastfood,20,5,100,Online,female,Night,2022,October,Tuesday
372,2022-11-19,Frankie,Fastfood,50,12,600,desconhecido,male,Morning,2022,November,Saturday
373,2022-05-08,Sugarcane juice,Beverages,25,12,300,Cash,female,Midnight,2022,May,Sunday
374,2022-07-24,Frankie,Fastfood,50,10,500,Online,male,Midnight,2022,July,Sunday
375,2022-11-17,Panipuri,Fastfood,20,13,260,Cash,male,Evening,2022,November,Thursday
376,2022-12-04,Frankie,Fastfood,50,15,750,Cash,male,Midnight,2022,December,Sunday
377,2022-05-20,Sugarcane juice,Beverages,25,3,75,Online,female,Evening,2022,May,Friday
378,2022-04-24,Vadapav,Fastfood,20,2,40,Cash,female,Midnight,2022,April,Sunday
379,2023-02-15,Cold coffee,Beverages,40,14,560,desconhecido,male,Afternoon,2023,February,Wednesday
380,2022-10-20,Sandwich,Fastfood,60,5,300,Online,female,Afternoon,2022,October,Thursday
381,2023-02-26,Vadapav,Fastfood,20,1,20,Online,male,Morning,2023,February,Sunday
382,2022-08-16,Cold coffee,Beverages,40,9,360,Cash,female,Night,2022,August,Tuesday
383,2022-05-06,Aalopuri,Fastfood,20,7,140,Online,female,Morning,2022,May,Friday
384,2022-10-22,Sugarcane juice,Beverages,25,1,25,Online,male,Afternoon,2022,October,Saturday
385,2022-04-25,Vadapav,Fastfood,20,5,100,Cash,male,Morning,2022,April,Monday
386,2022-11-23,Frankie,Fastfood,50,5,250,Online,male,Midnight,2022,November,Wednesday
387,2023-03-17,Sugarcane juice,Beverages,25,14,350,Cash,female,Midnight,2023,March,Friday
388,2022-10-09,Sandwich,Fastfood,60,14,840,Cash,male,Evening,2022,October,Sunday
389,2022-12-22,Sandwich,Fastfood,60,12,720,Cash,female,Evening,2022,December,Thursday
390,2022-06-18,Sugarcane juice,Beverages,25,5,125,desconhecido,male,Midnight,2022,June,Saturday
391,2022-04-21,Aalopuri,Fastfood,20,1,20,Online,female,Night,2022,April,Thursday
392,2022-09-18,Aalopuri,Fastfood,20,15,300,Online,male,Night,2022,September,Sunday
393,2022-07-02,Sugarcane juice,Beverages,25,10,250,Online,female,Evening,2022,July,Saturday
394,2022-04-03,Sandwich,Fastfood,60,1,60,Cash,female,Morning,2022,April,Sunday
395,2023-01-31,Sandwich,Fastfood,60,3,180,Cash,female,Evening,2023,January,Tuesday
396,2022-10-31,Frankie,Fastfood,50,15,750,Online,male,Morning,2022,October,Monday
397,2022-07-06,Aalopuri,Fastfood,20,2,40,Online,female,Afternoon,2022,July,Wednesday
398,2023-01-13,Panipuri,Fastfood,20,6,120,Online,male,Evening,2023,January,Friday
399,2022-06-24,Panipuri,Fastfood,20,9,180,Cash,female,Evening,2022,June,Friday
400,2023-03-04,Cold coffee,Beverages,40,15,600,Cash,female,Morning,2023,March,Saturday
401,2022-10-11,Sugarcane juice,Beverages,25,8,200,Online,female,Midnight,2022,October,Tuesday
402,2023-03-19,Frankie,Fastfood,50,7,350,Cash,male,Night,2023,March,Sunday
403,2022-09-25,Cold coffee,Beverages,40,3,120,Online,female,Midnight,2022,September,Sunday
404,2022-11-26,Frankie,Fastfood,50,7,350,Cash,female,Midnight,2022,November,Saturday
405,2022-12-13,Sugarcane juice,Beverages,25,10,250,Cash,male,Night,2022,December,Tuesday
406,2022-10-13,Cold coffee,Beverages,40,4,160,Online,female,Afternoon,2022,October,Thursday
407,2023-01-02,Sugarcane juice,Beverages,25,2,50,Cash,male,Evening,2023,January,Monday
408,2022-10-05,Vadapav,Fastfood,20,4,80,Online,male,Midnight,2022,October,Wednesday
409,2022-09-15,Aalopuri,Fastfood,20,9,180,Cash,female,Morning,2022,September,Thursday
410,2022-11-23,Aalopuri,Fastfood,20,15,300,Online,male,Afternoon,2022,November,Wednesday
411,2022-11-20,Panipuri,Fastfood,20,12,240,Cash,male,Afternoon,2022,November,Sunday
412,2023-03-09,Sugarcane juice,Beverages,25,14,350,desconhecido,male,Afternoon,2023,March,Thursday
413,2022-04-03,Aalopuri,Fastfood,20,10,200,Online,female,Midnight,2022,April,Sunday
414,2023-01-21,Cold coffee,Beverages,40,13,520,desconhecido,male,Night,2023,January,Saturday
415,2022-12-05,Vadapav,Fastfood,20,8,160,Online,male,Evening,2022,December,Monday
416,2022-08-05,Sandwich,Fastfood,60,9,540,desconhecido,male,Morning,2022,August,Friday
417,2023-01-16,Panipuri,Fastfood,20,3,60,Cash,male,Evening,2023,January,Monday
418,2022-11-12,Cold coffee,Beverages,40,7,280,Online,male,Night,2022,November,Saturday
419,2022-10-08,Sugarcane juice,Beverages,25,14,350,desconhecido,female,Midnight,2022,October,Saturday
420,2023-01-30,Frankie,Fastfood,50,13,650,Online,female,Evening,2023,January,Monday
421,2023-03-24,Cold coffee,Beverages,40,2,80,Online,male,Midnight,2023,March,Friday
422,2022-08-02,Cold coffee,Beverages,40,7,280,Online,male,Evening,2022,August,Tuesday
423,2022-10-21,Frankie,Fastfood,50,7,350,Cash,female,Night,2022,October,Friday
424,2022-04-21,Sugarcane juice,Beverages,25,9,225,Online,female,Midnight,2022,April,Thursday
425,2022-08-17,Panipuri,Fastfood,20,14,280,Online,male,Afternoon,2022,August,Wednesday
426,2023-01-20,Frankie,Fastfood,50,14,700,Cash,male,Midnight,2023,January,Friday
427,2022-05-21,Sandwich,Fastfood,60,2,120,Online,male,Afternoon,2022,May,Saturday
428,2022-12-24,Sugarcane juice,Beverages,25,8,200,Online,male,Afternoon,2022,December,Saturday
429,2022-09-19,Cold coffee,Beverages,40,3,120,Online,male,Night,2022,September,Monday
430,2022-11-05,Sandwich,Fastfood,60,4,240,Online,male,Night,2022,November,Saturday
431,2023-03-16,Panipuri,Fastfood,20,6,120,Online,male,Evening,2023,March,Thursday
432,2023-03-27,Panipuri,Fastfood,20,6,120,Online,male,Afternoon,2023,March,Monday
433,2022-05-27,Panipuri,Fastfood,20,14,280,Online,female,Evening,2022,May,Friday
434,2022-08-21,Aalopuri,Fastfood,20,12,240,Cash,male,Morning,2022,August,Sunday
435,2022-05-08,Sandwich,Fastfood,60,1,60,Cash,female,Afternoon,2022,May,Sunday
436,2023-01-05,Frankie,Fastfood,50,10,500,Cash,male,Midnight,2023,January,Thursday
437,2022-08-31,Cold coffee,Beverages,40,1,40,desconhecido,male,Morning,2022,August,Wednesday
438,2022-06-20,Cold coffee,Beverages,40,5,200,Online,male,Morning,2022,June,Monday
439,2022-09-30,Frankie,Fastfood,50,13,650,Online,male,Afternoon,2022,September,Friday
440,2022-11-28,Aalopuri,Fastfood,20,7,140,Cash,male,Afternoon,2022,November,Monday
441,2022-11-02,Aalopuri,Fastfood,20,1,20,Online,female,Midnight,2022,November,Wednesday
442,2022-08-22,Sugarcane juice,Beverages,25,7,175,Online,female,Night,2022,August,Monday
443,2022-09-05,Sugarcane juice,Beverages,25,12,300,Cash,female,Night,2022,September,Monday
444,2022-09-28,Frankie,Fastfood,50,4,200,desconhecido,male,Evening,2022,September,Wednesday
445,2022-10-22,Sandwich,Fastfood,60,14,840,Online,female,Morning,2022,October,Saturday
446,2022-08-31,Cold coffee,Beverages,40,9,360,Cash,male,Night,2022,August,Wednesday
447,2023-01-17,Frankie,Fastfood,50,6,300,Online,female,Afternoon,2023,January,Tuesday
448,2022-07-27,Vadapav,Fastfood,20,6,120,Cash,female,Evening,2022,July,Wednesday
449,2022-09-09,Frankie,Fastfood,50,4,200,Cash,male,Afternoon,2022,September,Friday
450,2022-05-20,Sugarcane juice,Beverages,25,1,25,Online,male,Morning,2022,May,Friday
451,2023-03-15,Sugarcane juice,Beverages,25,10,250,Cash,female,Midnight,2023,March,Wednesday
452,2022-12-25,Frankie,Fastfood,50,5,250,Online,male,Afternoon,2022,December,Sunday
453,2022-10-20,Sandwich,Fastfood,60,1,60,Online,female,Midnight,2022,October,Thursday
454,2023-03-07,Sandwich,Fastfood,60,1,60,Online,female,Evening,2023,March,Tuesday
455,2023-03-01,Cold coffee,Beverages,40,11,440,Cash,male,Midnight,2023,March,Wednesday
456,2022-12-31,Cold coffee,Beverages,40,13,520,desconhecido,female,Night,2022,December,Saturday
457,2022-10-16,Cold coffee,Beverages,40,11,440,Cash,male,Evening,2022,October,Sunday
458,2022-09-12,Sugarcane juice,Beverages,25,8,200,Cash,female,Midnight,2022,September,Monday
459,2022-06-08,Vadapav,Fastfood,20,14,280,Cash,male,Night,2022,June,Wednesday
460,2022-11-20,Aalopuri,Fastfood,20,2,40,Cash,male,Morning,2022,November,Sunday
461,2022-07-22,Sugarcane juice,Beverages,25,5,125,Cash,male,Midnight,2022,July,Friday
462,2022-04-24,Vadapav,Fastfood,20,3,60,Cash,male,Morning,2022,April,Sunday
463,2022-06-11,Sandwich,Fastfood,60,6,360,Online,male,Midnight,2022,June,Saturday
464,2022-10-18,Sugarcane juice,Beverages,25,13,325,Cash,male,Morning,2022,October,Tuesday
465,2023-01-15,Sugarcane juice,Beverages,25,12,300,Online,male,Evening,2023,January,Sunday
466,2023-01-11,Panipuri,Fastfood,20,6,120,Cash,male,Evening,2023,January,Wednesday
467,2022-10-17,Aalopuri,Fastfood,20,11,220,Online,male,Morning,2022,October,Monday
468,2022-09-08,Panipuri,Fastfood,20,2,40,Cash,male,Evening,2022,September,Thursday
469,2022-05-15,Sandwich,Fastfood,60,7,420,Online,female,Morning,2022,May,Sunday
470,2022-09-29,Vadapav,Fastfood,20,8,160,Cash,female,Morning,2022,September,Thursday
471,2023-02-13,Panipuri,Fastfood,20,7,140,Cash,female,Afternoon,2023,February,Monday
472,2023-01-11,Panipuri,Fastfood,20,10,200,desconhecido,male,Midnight,2023,January,Wednesday
473,2022-09-04,Sandwich,Fastfood,60,5,300,Cash,female,Evening,2022,September,Sunday
474,2022-08-28,Sugarcane juice,Beverages,25,15,375,Cash,female,Night,2022,August,Sunday
475,2023-02-24,Cold coffee,Beverages,40,6,240,Cash,female,Night,2023,February,Friday
476,2023-02-02,Aalopuri,Fastfood,20,10,200,Cash,male,Morning,2023,February,Thursday
477,2023-02-13,Sandwich,Fastfood,60,15,900,Cash,female,Midnight,2023,February,Monday
478,2022-12-27,Sugarcane juice,Beverages,25,9,225,Cash,female,Afternoon,2022,December,Tuesday
479,2023-02-13,Sandwich,Fastfood,60,11,660,Cash,female,Afternoon,2023,February,Monday
480,2022-10-02,Vadapav,Fastfood,20,12,240,Cash,male,Evening,2022,October,Sunday
481,2022-10-29,Sugarcane juice,Beverages,25,4,100,Cash,male,Evening,2022,October,Saturday
482,2023-01-31,Aalopuri,Fastfood,20,1,20,Online,male,Afternoon,2023,January,Tuesday
483,2022-04-27,Panipuri,Fastfood,20,9,180,Cash,female,Morning,2022,April,Wednesday
484,2023-03-21,Cold coffee,Beverages,40,5,200,Cash,female,Afternoon,2023,March,Tuesday
485,2023-02-26,Aalopuri,Fastfood,20,6,120,Cash,female,Midnight,2023,February,Sunday
486,2023-02-14,Vadapav,Fastfood,20,6,120,Cash,female,Midnight,2023,February,Tuesday
487,2022-05-27,Sandwich,Fastfood,60,9,540,Cash,female,Midnight,2022,May,Friday
488,2022-09-21,Cold coffee,Beverages,40,10,400,Cash,male,Midnight,2022,September,Wednesday
489,2023-02-03,Frankie,Fastfood,50,13,650,Online,female,Evening,2023,February,Friday
490,2022-12-26,Cold coffee,Beverages,40,8,320,Cash,male,Morning,2022,December,Monday
491,2022-05-31,Vadapav,Fastfood,20,2,40,Online,female,Midnight,2022,May,Tuesday
492,2022-07-11,Sandwich,Fastfood,60,15,900,Cash,male,Afternoon,2022,July,Monday
493,2022-10-02,Cold coffee,Beverages,40,2,80,Online,male,Morning,2022,October,Sunday
494,2023-01-14,Cold coffee,Beverages,40,10,400,Cash,female,Night,2023,January,Saturday
495,2022-10-20,Aalopuri,Fastfood,20,13,260,Online,female,Midnight,2022,October,Thursday
496,2022-11-07,Cold coffee,Beverages,40,10,400,Online,female,Night,2022,November,Monday
497,2023-01-25,Sandwich,Fastfood,60,7,420,Cash,male,Midnight,2023,January,Wednesday
498,2022-06-16,Frankie,Fastfood,50,1,50,Cash,male,Midnight,2022,June,Thursday
499,2022-07-27,Sandwich,Fastfood,60,8,480,Online,female,Evening,2022,July,Wednesday
500,2022-04-08,Vadapav,Fastfood,20,4,80,Online,female,Midnight,2022,April,Friday
501,2022-08-09,Sugarcane juice,Beverages,25,14,350,Online,female,Afternoon,2022,August,Tuesday
502,2023-01-04,Panipuri,Fastfood,20,13,260,Online,male,Night,2023,January,Wednesday
503,2022-11-04,Aalopuri,Fastfood,20,13,260,Cash,female,Morning,2022,November,Friday
504,2022-12-09,Cold coffee,Beverages,40,8,320,Cash,male,Evening,2022,December,Friday
505,2023-02-12,Frankie,Fastfood,50,4,200,Cash,male,Night,2023,February,Sunday
506,2022-12-26,Cold coffee,Beverages,40,12,480,Cash,female,Midnight,2022,December,Monday
507,2022-12-14,Aalopuri,Fastfood,20,14,280,Online,female,Morning,2022,December,Wednesday
508,2022-12-10,Sandwich,Fastfood,60,1,60,Cash,male,Night,2022,December,Saturday
509,2022-10-26,Vadapav,Fastfood,20,11,220,Online,male,Evening,2022,October,Wednesday
510,2022-04-04,Sandwich,Fastfood,60,14,840,Online,male,Afternoon,2022,April,Monday
511,2022-08-02,Panipuri,Fastfood,20,4,80,Cash,female,Night,2022,August,Tuesday
512,2023-01-11,Panipuri,Fastfood,20,3,60,Cash,female,Afternoon,2023,January,Wednesday
513,2022-07-16,Cold coffee,Beverages,40,5,200,Cash,female,Night,2022,July,Saturday
514,2022-08-24,Cold coffee,Beverages,40,8,320,Online,female,Evening,2022,August,Wednesday
515,2022-11-02,Sandwich,Fastfood,60,7,420,desconhecido,female,Night,2022,November,Wednesday
516,2022-09-22,Sugarcane juice,Beverages,25,12,300,Online,female,Midnight,2022,September,Thursday
517,2022-07-02,Panipuri,Fastfood,20,13,260,Online,male,Evening,2022,July,Saturday
518,2022-12-09,Aalopuri,Fastfood,20,6,120,Cash,female,Morning,2022,December,Friday
519,2022-11-25,Cold coffee,Beverages,40,10,400,Cash,male,Morning,2022,November,Friday
520,2022-04-03,Panipuri,Fastfood,20,11,220,Online,female,Night,2022,April,Sunday
521,2023-01-27,Panipuri,Fastfood,20,14,280,Online,male,Morning,2023,January,Friday
522,2022-12-29,Panipuri,Fastfood,20,13,260,Cash,female,Midnight,2022,December,Thursday
523,2022-11-03,Frankie,Fastfood,50,6,300,Cash,male,Afternoon,2022,November,Thursday
524,2022-05-01,Aalopuri,Fastfood,20,13,260,Online,male,Afternoon,2022,May,Sunday
525,2022-05-04,Vadapav,Fastfood,20,3,60,Cash,male,Midnight,2022,May,Wednesday
526,2022-07-04,Sandwich,Fastfood,60,10,600,Cash,female,Evening,2022,July,Monday
527,2023-01-06,Sugarcane juice,Beverages,25,6,150,Cash,female,Afternoon,2023,January,Friday
528,2022-07-01,Sugarcane juice,Beverages,25,7,175,Cash,female,Midnight,2022,July,Friday
529,2022-05-15,Aalopuri,Fastfood,20,12,240,desconhecido,female,Afternoon,2022,May,Sunday
530,2022-07-27,Panipuri,Fastfood,20,6,120,Cash,female,Night,2022,July,Wednesday
531,2022-10-04,Cold coffee,Beverages,40,10,400,Cash,male,Night,2022,October,Tuesday
532,2023-03-27,Panipuri,Fastfood,20,13,260,Online,female,Midnight,2023,March,Monday
533,2023-02-05,Frankie,Fastfood,50,2,100,desconhecido,female,Night,2023,February,Sunday
534,2022-05-16,Vadapav,Fastfood,20,2,40,Online,female,Night,2022,May,Monday
535,2022-09-05,Sandwich,Fastfood,60,4,240,Online,male,Midnight,2022,September,Monday
536,2023-03-01,Sugarcane juice,Beverages,25,7,175,Cash,female,Evening,2023,March,Wednesday
537,2023-01-25,Panipuri,Fastfood,20,3,60,Cash,male,Evening,2023,January,Wednesday
538,2022-06-05,Panipuri,Fastfood,20,7,140,Online,male,Morning,2022,June,Sunday
539,2022-09-07,Panipuri,Fastfood,20,3,60,Online,male,Evening,2022,September,Wednesday
540,2022-05-27,Vadapav,Fastfood,20,13,260,Cash,male,Afternoon,2022,May,Friday
541,2022-07-30,Panipuri,Fastfood,20,12,240,Cash,male,Night,2022,July,Saturday
542,2022-08-04,Sugarcane juice,Beverages,25,9,225,Cash,male,Evening,2022,August,Thursday
543,2022-04-10,Aalopuri,Fastfood,20,15,300,Cash,female,Evening,2022,April,Sunday
544,2022-12-14,Sandwich,Fastfood,60,15,900,Online,female,Morning,2022,December,Wednesday
545,2023-01-01,Sandwich,Fastfood,60,13,780,Online,female,Midnight,2023,January,Sunday
546,2022-07-09,Aalopuri,Fastfood,20,1,20,Cash,female,Midnight,2022,July,Saturday
547,2022-05-14,Cold coffee,Beverages,40,10,400,Online,male,Morning,2022,May,Saturday
548,2023-03-29,Cold coffee,Beverages,40,14,560,Cash,male,Afternoon,2023,March,Wednesday
549,2022-04-15,Sugarcane juice,Beverages,25,3,75,Online,male,Afternoon,2022,April,Friday
550,2022-11-15,Cold coffee,Beverages,40,15,600,Online,male,Afternoon,2022,November,Tuesday
551,2022-07-30,Sugarcane juice,Beverages,25,7,175,Cash,male,Evening,2022,July,Saturday
552,2022-09-12,Sugarcane juice,Beverages,25,15,375,Cash,female,Midnight,2022,September,Monday
553,2022-11-11,Panipuri,Fastfood,20,14,280,Cash,male,Evening,2022,November,Friday
554,2023-03-09,Panipuri,Fastfood,20,4,80,Cash,female,Afternoon,2023,March,Thursday
555,2022-04-16,Sandwich,Fastfood,60,6,360,Cash,female,Evening,2022,April,Saturday
556,2023-02-27,Vadapav,Fastfood,20,9,180,Cash,female,Night,2023,February,Monday
557,2022-06-30,Sandwich,Fastfood,60,2,120,Cash,female,Evening,2022,June,Thursday
558,2022-10-01,Panipuri,Fastfood,20,5,100,Online,male,Morning,2022,October,Saturday
559,2022-08-31,Cold coffee,Beverages,40,5,200,Online,female,Night,2022,August,Wednesday
560,2022-12-10,Sugarcane juice,Beverages,25,1,25,Cash,male,Evening,2022,December,Saturday
561,2022-06-13,Panipuri,Fastfood,20,1,20,Cash,female,Midnight,2022,June,Monday
562,2022-08-09,Frankie,Fastfood,50,4,200,Cash,male,Afternoon,2022,August,Tuesday
563,2022-10-13,Frankie,Fastfood,50,7,350,Online,female,Evening,2022,October,Thursday
564,2022-09-27,Cold coffee,Beverages,40,2,80,desconhecido,male,Morning,2022,September,Tuesday
565,2022-09-27,Panipuri,Fastfood,20,15,300,Cash,male,Evening,2022,September,Tuesday
566,2022-07-19,Frankie,Fastfood,50,3,150,Cash,male,Evening,2022,July,Tuesday
567,2022-10-16,Cold coffee,Beverages,40,7,280,Online,female,Afternoon,2022,October,Sunday
568,2022-12-29,Panipuri,Fastfood,20,12,240,desconhecido,female,Afternoon,2022,December,Thursday
569,2023-01-02,Cold coffee,Beverages,40,15,600,Online,female,Midnight,2023,January,Monday
570,2022-09-15,Sugarcane juice,Beverages,25,4,100,Cash,male,Morning,2022,September,Thursday
571,2022-11-28,Sugarcane juice,Beverages,25,1,25,Cash,female,Evening,2022,November,Monday
572,2022-04-02,Sandwich,Fastfood,60,15,900,Cash,male,Afternoon,2022,April,Saturday
573,2022-09-07,Frankie,Fastfood,50,2,100,Cash,male,Afternoon,2022,September,Wednesday
574,2022-10-22,Aalopuri,Fastfood,20,1,20,Cash,female,Night,2022,October,Saturday
575,2022-12-24,Vadapav,Fastfood,20,1,20,Online,female,Midnight,2022,December,Saturday
576,2023-03-23,Panipuri,Fastfood,20,12,240,Cash,female,Afternoon,2023,March,Thursday
577,2022-09-06,Cold coffee,Beverages,40,7,280,Cash,male,Evening,2022,September,Tuesday
578,2022-06-30,Frankie,Fastfood,50,5,250,Online,female,Night,2022,June,Thursday
579,2022-04-27,Panipuri,Fastfood,20,2,40,Cash,male,Evening,2022,April,Wednesday
580,2022-07-01,Panipuri,Fastfood,20,10,200,Online,male,Night,2022,July,Friday
581,2022-04-23,Sugarcane juice,Beverages,25,13,325,Cash,male,Afternoon,2022,April,Saturday
582,2022-05-12,Aalopuri,Fastfood,20,13,260,Cash,male,Morning,2022,May,Thursday
583,2022-05-31,Frankie,Fastfood,50,8,400,Cash,male,Night,2022,May,Tuesday
584,2022-12-04,Cold coffee,Beverages,40,15,600,Cash,male,Morning,2022,December,Sunday
585,2023-03-05,Vadapav,Fastfood,20,11,220,Cash,female,Morning,2023,March,Sunday
586,2022-05-22,Sandwich,Fastfood,60,15,900,Online,male,Night,2022,May,Sunday
587,2022-04-09,Aalopuri,Fastfood,20,10,200,Cash,female,Night,2022,April,Saturday
588,2022-06-16,Frankie,Fastfood,50,11,550,Cash,female,Morning,2022,June,Thursday
589,2022-08-25,Cold coffee,Beverages,40,5,200,Cash,male,Night,2022,August,Thursday
590,2023-03-27,Panipuri,Fastfood,20,15,300,Online,male,Midnight,2023,March,Monday
591,2022-10-01,Sandwich,Fastfood,60,13,780,Cash,female,Morning,2022,October,Saturday
592,2022-12-04,Sugarcane juice,Beverages,25,7,175,Cash,male,Morning,2022,December,Sunday
593,2023-02-16,Sugarcane juice,Beverages,25,9,225,Cash,female,Evening,2023,February,Thursday
594,2023-01-20,Frankie,Fastfood,50,6,300,Cash,female,Morning,2023,January,Friday
595,2023-02-22,Frankie,Fastfood,50,9,450,Online,male,Afternoon,2023,February,Wednesday
596,2022-04-26,Cold coffee,Beverages,40,1,40,Online,female,Night,2022,April,Tuesday
597,2022-11-30,Panipuri,Fastfood,20,10,200,Online,male,Midnight,2022,November,Wednesday
598,2022-08-02,Cold coffee,Beverages,40,8,320,Cash,female,Afternoon,2022,August,Tuesday
599,2022-10-03,Frankie,Fastfood,50,13,650,Cash,male,Morning,2022,October,Monday
600,2022-12-24,Panipuri,Fastfood,20,6,120,Cash,female,Morning,2022,December,Saturday
601,2022-11-01,Aalopuri,Fastfood,20,12,240,Online,male,Morning,2022,November,Tuesday
602,2022-08-27,Aalopuri,Fastfood,20,10,200,Cash,male,Night,2022,August,Saturday
603,2022-08-31,Vadapav,Fastfood,20,10,200,Cash,female,Afternoon,2022,August,Wednesday
604,2022-09-08,Frankie,Fastfood,50,10,500,Cash,female,Night,2022,September,Thursday
605,2022-04-04,Cold coffee,Beverages,40,15,600,desconhecido,female,Afternoon,2022,April,Monday
606,2022-04-09,Cold coffee,Beverages,40,6,240,Cash,female,Night,2022,April,Saturday
607,2022-12-15,Vadapav,Fastfood,20,9,180,Cash,female,Afternoon,2022,December,Thursday
608,2023-02-28,Aalopuri,Fastfood,20,1,20,Online,male,Midnight,2023,February,Tuesday
609,2023-02-07,Aalopuri,Fastfood,20,14,280,desconhecido,male,Midnight,2023,February,Tuesday
610,2022-05-08,Frankie,Fastfood,50,13,650,Online,female,Evening,2022,May,Sunday
611,2022-06-25,Aalopuri,Fastfood,20,2,40,Online,female,Morning,2022,June,Saturday
612,2023-02-06,Aalopuri,Fastfood,20,3,60,Online,male,Midnight,2023,February,Monday
613,2022-06-10,Vadapav,Fastfood,20,5,100,Online,female,Night,2022,June,Friday
614,2022-12-19,Vadapav,Fastfood,20,2,40,desconhecido,male,Morning,2022,December,Monday
615,2022-08-14,Sandwich,Fastfood,60,14,840,desconhecido,male,Morning,2022,August,Sunday
616,2022-07-15,Vadapav,Fastfood,20,6,120,Online,female,Midnight,2022,July,Friday
617,2022-06-28,Sugarcane juice,Beverages,25,2,50,Cash,male,Night,2022,June,Tuesday
618,2022-04-08,Frankie,Fastfood,50,1,50,Online,male,Evening,2022,April,Friday
619,2022-09-09,Sugarcane juice,Beverages,25,4,100,Cash,female,Morning,2022,September,Friday
620,2022-09-14,Panipuri,Fastfood,20,12,240,Online,female,Evening,2022,September,Wednesday
621,2023-02-13,Aalopuri,Fastfood,20,2,40,Online,female,Evening,2023,February,Monday
622,2022-12-14,Panipuri,Fastfood,20,13,260,Online,male,Afternoon,2022,December,Wednesday
623,2022-04-02,Cold coffee,Beverages,40,15,600,Cash,male,Midnight,2022,April,Saturday
624,2023-03-08,Sandwich,Fastfood,60,9,540,Cash,female,Morning,2023,March,Wednesday
625,2022-06-17,Sandwich,Fastfood,60,15,900,Online,male,Morning,2022,June,Friday
626,2023-02-01,Cold coffee,Beverages,40,15,600,Cash,male,Night,2023,February,Wednesday
627,2022-06-22,Sugarcane juice,Beverages,25,15,375,Online,male,Afternoon,2022,June,Wednesday
628,2022-05-02,Cold coffee,Beverages,40,10,400,desconhecido,female,Night,2022,May,Monday
629,2023-01-20,Sugarcane juice,Beverages,25,9,225,Cash,female,Evening,2023,January,Friday
630,2022-05-27,Frankie,Fastfood,50,7,350,desconhecido,female,Morning,2022,May,Friday
631,2022-07-01,Cold coffee,Beverages,40,13,520,Cash,female,Evening,2022,July,Friday
632,2022-10-28,Panipuri,Fastfood,20,9,180,Online,female,Night,2022,October,Friday
633,2022-05-24,Cold coffee,Beverages,40,3,120,Online,male,Evening,2022,May,Tuesday
634,2022-07-26,Panipuri,Fastfood,20,13,260,Cash,male,Afternoon,2022,July,Tuesday
635,2023-02-06,Vadapav,Fastfood,20,15,300,Online,female,Night,2023,February,Monday
636,2022-04-26,Cold coffee,Beverages,40,12,480,desconhecido,male,Morning,2022,April,Tuesday
637,2022-05-14,Aalopuri,Fastfood,20,7,140,Cash,male,Midnight,2022,May,Saturday
638,2022-08-20,Cold coffee,Beverages,40,11,440,Online,female,Afternoon,2022,August,Saturday
639,2023-01-26,Vadapav,Fastfood,20,14,280,Cash,female,Morning,2023,January,Thursday
640,2023-01-04,Sandwich,Fastfood,60,15,900,Online,male,Night,2023,January,Wednesday
641,2023-02-09,Vadapav,Fastfood,20,15,300,Cash,male,Afternoon,2023,February,Thursday
642,2022-05-09,Cold coffee,Beverages,40,10,400,Online,female,Morning,2022,May,Monday
643,2022-10-20,Sugarcane juice,Beverages,25,2,50,Cash,male,Afternoon,2022,October,Thursday
644,2023-02-03,Panipuri,Fastfood,20,5,100,Online,female,Evening,2023,February,Friday
645,2022-07-26,Sandwich,Fastfood,60,9,540,Cash,female,Night,2022,July,Tuesday
646,2022-08-30,Vadapav,Fastfood,20,14,280,Online,female,Afternoon,2022,August,Tuesday
647,2022-06-05,Vadapav,Fastfood,20,3,60,Cash,male,Afternoon,2022,June,Sunday
648,2022-05-27,Sandwich,Fastfood,60,7,420,Cash,male,Night,2022,May,Friday
649,2022-11-05,Frankie,Fastfood,50,9,450,Cash,male,Midnight,2022,November,Saturday
650,2022-04-07,Sandwich,Fastfood,60,13,780,Online,female,Morning,2022,April,Thursday
651,2022-07-11,Sandwich,Fastfood,60,10,600,Online,female,Midnight,2022,July,Monday
652,2022-05-21,Cold coffee,Beverages,40,13,520,Online,female,Afternoon,2022,May,Saturday
653,2022-05-30,Frankie,Fastfood,50,10,500,Online,female,Midnight,2022,May,Monday
654,2023-03-04,Vadapav,Fastfood,20,9,180,Cash,female,Morning,2023,March,Saturday
655,2022-06-30,Sugarcane juice,Beverages,25,12,300,Online,male,Morning,2022,June,Thursday
656,2022-11-28,Sandwich,Fastfood,60,6,360,Online,female,Midnight,2022,November,Monday
657,2023-01-10,Cold coffee,Beverages,40,7,280,desconhecido,male,Midnight,2023,January,Tuesday
658,2022-10-10,Aalopuri,Fastfood,20,12,240,desconhecido,female,Afternoon,2022,October,Monday
659,2023-01-21,Panipuri,Fastfood,20,2,40,Online,male,Afternoon,2023,January,Saturday
660,2022-07-25,Sandwich,Fastfood,60,9,540,Cash,female,Night,2022,July,Monday
661,2022-10-11,Frankie,Fastfood,50,7,350,Online,female,Midnight,2022,October,Tuesday
662,2023-02-15,Panipuri,Fastfood,20,3,60,Online,female,Afternoon,2023,February,Wednesday
663,2023-02-05,Sugarcane juice,Beverages,25,1,25,Online,male,Night,2023,February,Sunday
664,2022-10-31,Frankie,Fastfood,50,10,500,Online,female,Morning,2022,October,Monday
665,2022-05-06,Aalopuri,Fastfood,20,14,280,Online,female,Evening,2022,May,Friday
666,2023-01-25,Panipuri,Fastfood,20,9,180,Cash,male,Evening,2023,January,Wednesday
667,2022-09-28,Vadapav,Fastfood,20,3,60,Cash,female,Evening,2022,September,Wednesday
668,2022-05-11,Aalopuri,Fastfood,20,4,80,Online,male,Morning,2022,May,Wednesday
669,2023-03-18,Sandwich,Fastfood,60,11,660,Online,male,Evening,2023,March,Saturday
670,2022-07-05,Panipuri,Fastfood,20,15,300,Cash,male,Night,2022,July,Tuesday
671,2022-10-09,Sandwich,Fastfood,60,2,120,Online,male,Afternoon,2022,October,Sunday
672,2022-11-24,Cold coffee,Beverages,40,3,120,desconhecido,female,Evening,2022,November,Thursday
673,2022-09-17,Sandwich,Fastfood,60,12,720,Cash,male,Midnight,2022,September,Saturday
674,2022-07-17,Sugarcane juice,Beverages,25,13,325,desconhecido,male,Morning,2022,July,Sunday
675,2022-04-17,Sandwich,Fastfood,60,12,720,Cash,male,Night,2022,April,Sunday
676,2022-05-04,Frankie,Fastfood,50,7,350,Cash,female,Evening,2022,May,Wednesday
677,2022-05-19,Cold coffee,Beverages,40,3,120,Online,female,Morning,2022,May,Thursday
678,2022-05-23,Aalopuri,Fastfood,20,3,60,Online,male,Evening,2022,May,Monday
679,2022-11-02,Sandwich,Fastfood,60,12,720,Online,male,Morning,2022,November,Wednesday
680,2022-04-20,Cold coffee,Beverages,40,4,160,Cash,male,Night,2022,April,Wednesday
681,2022-12-09,Frankie,Fastfood,50,9,450,Online,female,Night,2022,December,Friday
682,2022-10-11,Aalopuri,Fastfood,20,14,280,Online,male,Midnight,2022,October,Tuesday
683,2022-08-12,Frankie,Fastfood,50,15,750,Cash,male,Midnight,2022,August,Friday
684,2022-09-18,Vadapav,Fastfood,20,5,100,Cash,male,Afternoon,2022,September,Sunday
685,2022-05-20,Aalopuri,Fastfood,20,3,60,Cash,female,Afternoon,2022,May,Friday
686,2022-11-25,Cold coffee,Beverages,40,5,200,Cash,male,Afternoon,2022,November,Friday
687,2022-12-18,Vadapav,Fastfood,20,10,200,Cash,female,Midnight,2022,December,Sunday
688,2022-05-14,Frankie,Fastfood,50,5,250,Online,male,Afternoon,2022,May,Saturday
689,2022-08-13,Vadapav,Fastfood,20,6,120,Cash,female,Afternoon,2022,August,Saturday
690,2022-10-05,Vadapav,Fastfood,20,9,180,Cash,female,Night,2022,October,Wednesday
691,2022-04-01,Sandwich,Fastfood,60,7,420,Cash,female,Evening,2022,April,Friday
692,2023-01-13,Frankie,Fastfood,50,14,700,Online,male,Afternoon,2023,January,Friday
693,2022-11-29,Sugarcane juice,Beverages,25,13,325,Online,female,Midnight,2022,November,Tuesday
694,2022-04-22,Panipuri,Fastfood,20,14,280,Cash,male,Midnight,2022,April,Friday
695,2022-08-24,Panipuri,Fastfood,20,10,200,Online,female,Midnight,2022,August,Wednesday
696,2023-02-23,Sugarcane juice,Beverages,25,3,75,Online,female,Evening,2023,February,Thursday
697,2022-05-05,Sugarcane juice,Beverages,25,5,125,Cash,male,Midnight,2022,May,Thursday
698,2022-11-26,Panipuri,Fastfood,20,10,200,Online,male,Night,2022,November,Saturday
699,2022-09-09,Cold coffee,Beverages,40,1,40,Online,male,Evening,2022,September,Friday
700,2022-11-15,Frankie,Fastfood,50,6,300,Cash,female,Evening,2022,November,Tuesday
701,2022-07-19,Sugarcane juice,Beverages,25,14,350,Online,female,Evening,2022,July,Tuesday
702,2023-03-25,Cold coffee,Beverages,40,13,520,Cash,female,Afternoon,2023,March,Saturday
703,2022-11-01,Panipuri,Fastfood,20,10,200,Online,female,Afternoon,2022,November,Tuesday
704,2022-08-14,Sandwich,Fastfood,60,1,60,Online,female,Evening,2022,August,Sunday
705,2022-10-07,Sandwich,Fastfood,60,6,360,Online,male,Evening,2022,October,Friday
706,2023-02-05,Frankie,Fastfood,50,8,400,Online,male,Night,2023,February,Sunday
707,2022-12-16,Panipuri,Fastfood,20,2,40,Online,male,Night,2022,December,Friday
708,2023-03-15,Sandwich,Fastfood,60,5,300,Cash,female,Midnight,2023,March,Wednesday
709,2023-02-22,Cold coffee,Beverages,40,6,240,Cash,male,Morning,2023,February,Wednesday
710,2023-03-15,Sandwich,Fastfood,60,15,900,desconhecido,male,Night,2023,March,Wednesday
711,2022-10-30,Aalopuri,Fastfood,20,3,60,Cash,male,Afternoon,2022,October,Sunday
712,2022-12-17,Vadapav,Fastfood,20,3,60,Online,female,Midnight,2022,December,Saturday
713,2022-12-02,Sugarcane juice,Beverages,25,14,350,Online,female,Morning,2022,December,Friday
714,2022-12-14,Sugarcane juice,Beverages,25,14,350,Cash,male,Afternoon,2022,December,Wednesday
715,2022-04-12,Sandwich,Fastfood,60,1,60,Online,male,Morning,2022,April,Tuesday
716,2022-12-03,Panipuri,Fastfood,20,9,180,Cash,female,Midnight,2022,December,Saturday
717,2022-10-11,Sugarcane juice,Beverages,25,15,375,desconhecido,female,Evening,2022,October,Tuesday
718,2022-12-28,Aalopuri,Fastfood,20,2,40,Online,male,Afternoon,2022,December,Wednesday
719,2022-05-09,Vadapav,Fastfood,20,15,300,Cash,female,Midnight,2022,May,Monday
720,2022-05-10,Frankie,Fastfood,50,14,700,Cash,female,Morning,2022,May,Tuesday
721,2022-08-13,Panipuri,Fastfood,20,12,240,desconhecido,male,Afternoon,2022,August,Saturday
722,2022-09-14,Vadapav,Fastfood,20,15,300,desconhecido,male,Midnight,2022,September,Wednesday
723,2023-02-16,Cold coffee,Beverages,40,10,400,Online,male,Evening,2023,February,Thursday
724,2022-06-27,Frankie,Fastfood,50,10,500,Cash,female,Night,2022,June,Monday
725,2022-07-04,Vadapav,Fastfood,20,6,120,Online,female,Afternoon,2022,July,Monday
726,2022-09-11,Panipuri,Fastfood,20,1,20,Online,male,Morning,2022,September,Sunday
727,2022-08-25,Aalopuri,Fastfood,20,5,100,Cash,female,Midnight,2022,August,Thursday
728,2022-08-03,Vadapav,Fastfood,20,1,20,Online,male,Midnight,2022,August,Wednesday
729,2022-11-24,Sandwich,Fastfood,60,7,420,Cash,male,Night,2022,November,Thursday
730,2022-06-28,Frankie,Fastfood,50,13,650,Cash,female,Afternoon,2022,June,Tuesday
731,2023-03-09,Frankie,Fastfood,50,10,500,Cash,female,Afternoon,2023,March,Thursday
732,2022-06-13,Panipuri,Fastfood,20,7,140,desconhecido,female,Midnight,2022,June,Monday
733,2023-02-03,Frankie,Fastfood,50,10,500,Cash,male,Evening,2023,February,Friday
734,2022-10-07,Frankie,Fastfood,50,7,350,Cash,male,Evening,2022,October,Friday
735,2022-08-10,Panipuri,Fastfood,20,11,220,Cash,male,Morning,2022,August,Wednesday
736,2022-09-25,Panipuri,Fastfood,20,13,260,desconhecido,male,Afternoon,2022,September,Sunday
737,2022-09-20,Frankie,Fastfood,50,13,650,Online,female,Night,2022,September,Tuesday
738,2023-03-01,Sandwich,Fastfood,60,4,240,Online,female,Morning,2023,March,Wednesday
739,2022-06-06,Aalopuri,Fastfood,20,11,220,Online,male,Night,2022,June,Monday
740,2022-07-30,Aalopuri,Fastfood,20,9,180,Cash,male,Midnight,2022,July,Saturday
741,2022-07-16,Aalopuri,Fastfood,20,5,100,Online,male,Afternoon,2022,July,Saturday
742,2022-11-18,Panipuri,Fastfood,20,14,280,Online,male,Night,2022,November,Friday
743,2022-11-09,Panipuri,Fastfood,20,1,20,Cash,male,Morning,2022,November,Wednesday
744,2022-06-25,Frankie,Fastfood,50,10,500,Cash,female,Morning,2022,June,Saturday
745,2022-09-11,Aalopuri,Fastfood,20,2,40,Online,male,Evening,2022,September,Sunday
746,2022-08-05,Sugarcane juice,Beverages,25,5,125,Online,female,Midnight,2022,August,Friday
747,2023-01-14,Cold coffee,Beverages,40,3,120,Cash,female,Midnight,2023,January,Saturday
748,2022-09-20,Sandwich,Fastfood,60,14,840,Cash,female,Night,2022,September,Tuesday
749,2022-08-31,Vadapav,Fastfood,20,11,220,Cash,male,Morning,2022,August,Wednesday
750,2023-02-01,Frankie,Fastfood,50,1,50,Online,male,Evening,2023,February,Wednesday
751,2022-09-16,Vadapav,Fastfood,20,2,40,Cash,male,Afternoon,2022,September,Friday
752,2022-06-04,Panipuri,Fastfood,20,2,40,Online,female,Morning,2022,June,Saturday
753,2022-06-26,Sugarcane juice,Beverages,25,1,25,Cash,male,Midnight,2022,June,Sunday
754,2022-12-29,Sugarcane juice,Beverages,25,14,350,Cash,female,Evening,2022,December,Thursday
755,2023-01-02,Aalopuri,Fastfood,20,12,240,Cash,female,Night,2023,January,Monday
756,2022-10-21,Sugarcane juice,Beverages,25,10,250,Online,female,Morning,2022,October,Friday
757,2022-12-25,Sugarcane juice,Beverages,25,11,275,Online,male,Morning,2022,December,Sunday
758,2022-09-25,Vadapav,Fastfood,20,3,60,Cash,female,Evening,2022,September,Sunday
759,2022-12-25,Sugarcane juice,Beverages,25,13,325,Online,male,Midnight,2022,December,Sunday
760,2022-11-14,Sugarcane juice,Beverages,25,1,25,Online,female,Evening,2022,November,Monday
761,2022-11-12,Sandwich,Fastfood,60,3,180,desconhecido,female,Midnight,2022,November,Saturday
762,2022-04-09,Vadapav,Fastfood,20,12,240,Online,female,Midnight,2022,April,Saturday
763,2022-07-04,Vadapav,Fastfood,20,14,280,desconhecido,female,Night,2022,July,Monday
764,2023-02-14,Sandwich,Fastfood,60,7,420,Cash,female,Night,2023,February,Tuesday
765,2022-06-15,Sandwich,Fastfood,60,13,780,Cash,male,Night,2022,June,Wednesday
766,2022-06-19,Sandwich,Fastfood,60,10,600,Online,female,Morning,2022,June,Sunday
767,2023-02-26,Frankie,Fastfood,50,8,400,Cash,female,Afternoon,2023,February,Sunday
768,2023-01-12,Sandwich,Fastfood,60,14,840,Cash,male,Afternoon,2023,January,Thursday
769,2022-06-07,Frankie,Fastfood,50,8,400,Cash,male,Morning,2022,June,Tuesday
770,2023-02-22,Aalopuri,Fastfood,20,8,160,Cash,female,Morning,2023,February,Wednesday
771,2022-08-15,Panipuri,Fastfood,20,5,100,Online,female,Midnight,2022,August,Monday
772,2023-03-20,Cold coffee,Beverages,40,9,360,Cash,male,Evening,2023,March,Monday
773,2022-08-14,Cold coffee,Beverages,40,7,280,Online,male,Afternoon,2022,August,Sunday
774,2023-03-15,Vadapav,Fastfood,20,1,20,Online,female,Night,2023,March,Wednesday
775,2023-03-27,Sandwich,Fastfood,60,6,360,Cash,male,Night,2023,March,Monday
776,2023-02-07,Frankie,Fastfood,50,10,500,Cash,male,Midnight,2023,February,Tuesday
777,2022-10-23,Panipuri,Fastfood,20,13,260,Cash,male,Morning,2022,October,Sunday
778,2022-06-11,Frankie,Fastfood,50,13,650,Cash,male,Evening,2022,June,Saturday
779,2023-01-16,Sandwich,Fastfood,60,13,780,desconhecido,male,Night,2023,January,Monday
780,2022-11-27,Sugarcane juice,Beverages,25,13,325,Online,female,Afternoon,2022,November,Sunday
781,2022-05-27,Aalopuri,Fastfood,20,10,200,Online,male,Midnight,2022,May,Friday
782,2022-12-16,Aalopuri,Fastfood,20,5,100,Online,male,Night,2022,December,Friday
783,2022-04-29,Aalopuri,Fastfood,20,8,160,Cash,male,Morning,2022,April,Friday
784,2022-07-09,Vadapav,Fastfood,20,8,160,Cash,female,Morning,2022,July,Saturday
785,2022-12-07,Aalopuri,Fastfood,20,2,40,Online,male,Afternoon,2022,December,Wednesday
786,2023-03-13,Sandwich,Fastfood,60,14,840,Online,female,Night,2023,March,Monday
787,2023-03-25,Aalopuri,Fastfood,20,2,40,Cash,female,Afternoon,2023,March,Saturday
788,2022-08-13,Sugarcane juice,Beverages,25,7,175,Online,male,Afternoon,2022,August,Saturday
789,2022-08-03,Sugarcane juice,Beverages,25,7,175,Cash,male,Morning,2022,August,Wednesday
790,2022-07-20,Panipuri,Fastfood,20,3,60,Cash,female,Evening,2022,July,Wednesday
791,2022-04-07,Vadapav,Fastfood,20,3,60,desconhecido,male,Midnight,2022,April,Thursday
792,2023-02-25,Vadapav,Fastfood,20,2,40,Cash,female,Morning,2023,February,Saturday
793,2022-08-30,Sandwich,Fastfood,60,6,360,Cash,female,Night,2022,August,Tuesday
794,2022-10-02,Sugarcane juice,Beverages,25,5,125,Online,male,Afternoon,2022,October,Sunday
795,2023-01-10,Vadapav,Fastfood,20,9,180,Cash,male,Evening,2023,January,Tuesday
796,2022-06-25,Sugarcane juice,Beverages,25,14,350,Online,male,Night,2022,June,Saturday
797,2022-11-26,Cold coffee,Beverages,40,11,440,Cash,male,Night,2022,November,Saturday
798,2022-05-22,Frankie,Fastfood,50,12,600,desconhecido,male,Night,2022,May,Sunday
799,2023-01-11,Panipuri,Fastfood,20,1,20,Online,female,Night,2023,January,Wednesday
800,2022-11-06,Cold coffee,Beverages,40,14,560,Cash,male,Night,2022,November,Sunday
801,2022-04-28,Aalopuri,Fastfood,20,7,140,Cash,female,Evening,2022,April,Thursday
802,2023-01-23,Sandwich,Fastfood,60,7,420,Online,female,Afternoon,2023,January,Monday
803,2022-08-27,Vadapav,Fastfood,20,5,100,desconhecido,male,Night,2022,August,Saturday
804,2022-10-11,Cold coffee,Beverages,40,12,480,Online,female,Night,2022,October,Tuesday
805,2022-05-08,Sugarcane juice,Beverages,25,1,25,Online,male,Afternoon,2022,May,Sunday
806,2022-05-23,Vadapav,Fastfood,20,3,60,Online,male,Evening,2022,May,Monday
807,2022-06-13,Frankie,Fastfood,50,1,50,Online,female,Midnight,2022,June,Monday
808,2022-09-21,Panipuri,Fastfood,20,1,20,Online,male,Morning,2022,September,Wednesday
809,2022-12-12,Panipuri,Fastfood,20,10,200,Online,male,Evening,2022,December,Monday
810,2022-12-27,Vadapav,Fastfood,20,3,60,Online,male,Morning,2022,December,Tuesday
811,2023-03-02,Aalopuri,Fastfood,20,13,260,Cash,male,Afternoon,2023,March,Thursday
812,2022-08-08,Panipuri,Fastfood,20,5,100,Cash,male,Afternoon,2022,August,Monday
813,2022-10-13,Panipuri,Fastfood,20,10,200,Online,male,Afternoon,2022,October,Thursday
814,2022-10-05,Vadapav,Fastfood,20,13,260,Cash,female,Midnight,2022,October,Wednesday
815,2022-04-20,Cold coffee,Beverages,40,12,480,Online,female,Afternoon,2022,April,Wednesday
816,2023-01-11,Sugarcane juice,Beverages,25,11,275,Cash,male,Morning,2023,January,Wednesday
817,2022-05-21,Aalopuri,Fastfood,20,12,240,Cash,female,Evening,2022,May,Saturday
818,2023-02-28,Frankie,Fastfood,50,6,300,Cash,male,Night,2023,February,Tuesday
819,2022-10-12,Vadapav,Fastfood,20,10,200,Cash,male,Evening,2022,October,Wednesday
820,2023-02-24,Aalopuri,Fastfood,20,3,60,desconhecido,male,Midnight,2023,February,Friday
821,2022-07-24,Aalopuri,Fastfood,20,12,240,Cash,female,Midnight,2022,July,Sunday
822,2022-06-17,Panipuri,Fastfood,20,12,240,Online,male,Morning,2022,June,Friday
823,2023-02-13,Panipuri,Fastfood,20,11,220,Online,male,Midnight,2023,February,Monday
824,2023-01-18,Vadapav,Fastfood,20,2,40,Online,female,Evening,2023,January,Wednesday
825,2022-10-30,Panipuri,Fastfood,20,14,280,Cash,female,Morning,2022,October,Sunday
826,2022-12-02,Sandwich,Fastfood,60,15,900,Cash,female,Night,2022,December,Friday
827,2023-01-06,Sandwich,Fastfood,60,12,720,Cash,male,Midnight,2023,January,Friday
828,2022-08-18,Panipuri,Fastfood,20,6,120,Cash,male,Evening,2022,August,Thursday
829,2022-09-19,Cold coffee,Beverages,40,6,240,Cash,male,Night,2022,September,Monday
830,2022-11-28,Cold coffee,Beverages,40,9,360,desconhecido,male,Night,2022,November,Monday
831,2022-08-01,Frankie,Fastfood,50,5,250,Online,female,Morning,2022,August,Monday
832,2022-06-06,Sugarcane juice,Beverages,25,4,100,Cash,male,Morning,2022,June,Monday
833,2022-09-01,Panipuri,Fastfood,20,2,40,Online,female,Evening,2022,September,Thursday
834,2022-05-25,Sugarcane juice,Beverages,25,14,350,Cash,male,Evening,2022,May,Wednesday
835,2022-09-27,Sugarcane juice,Beverages,25,7,175,Online,male,Afternoon,2022,September,Tuesday
836,2022-08-31,Vadapav,Fastfood,20,2,40,Cash,female,Midnight,2022,August,Wednesday
837,2022-05-19,Aalopuri,Fastfood,20,7,140,Cash,male,Midnight,2022,May,Thursday
838,2022-07-31,Cold coffee,Beverages,40,9,360,Online,female,Morning,2022,July,Sunday
839,2022-05-08,Sugarcane juice,Beverages,25,4,100,Cash,female,Afternoon,2022,May,Sunday
840,2023-02-18,Cold coffee,Beverages,40,15,600,desconhecido,female,Midnight,2023,February,Saturday
841,2023-02-03,Vadapav,Fastfood,20,9,180,Cash,male,Night,2023,February,Friday
842,2022-05-25,Panipuri,Fastfood,20,2,40,Cash,female,Evening,2022,May,Wednesday
843,2022-07-04,Sugarcane juice,Beverages,25,1,25,Cash,female,Morning,2022,July,Monday
844,2022-05-04,Sugarcane juice,Beverages,25,13,325,Cash,male,Morning,2022,May,Wednesday
845,2022-07-01,Cold coffee,Beverages,40,6,240,Online,female,Evening,2022,July,Friday
846,2022-04-20,Aalopuri,Fastfood,20,5,100,Online,male,Afternoon,2022,April,Wednesday
847,2022-08-14,Panipuri,Fastfood,20,11,220,Online,male,Midnight,2022,August,Sunday
848,2022-11-10,Frankie,Fastfood,50,9,450,Cash,male,Night,2022,November,Thursday
849,2022-11-03,Cold coffee,Beverages,40,10,400,Cash,female,Night,2022,November,Thursday
850,2022-08-20,Vadapav,Fastfood,20,3,60,Online,female,Afternoon,2022,August,Saturday
851,2023-01-28,Aalopuri,Fastfood,20,15,300,Online,female,Night,2023,January,Saturday
852,2022-05-05,Sugarcane juice,Beverages,25,8,200,Online,male,Night,2022,May,Thursday
853,2023-02-17,Cold coffee,Beverages,40,3,120,Online,female,Midnight,2023,February,Friday
854,2022-10-14,Cold coffee,Beverages,40,14,560,Online,female,Night,2022,October,Friday
855,2022-10-23,Vadapav,Fastfood,20,5,100,Online,male,Evening,2022,October,Sunday
856,2022-05-04,Aalopuri,Fastfood,20,11,220,Cash,female,Night,2022,May,Wednesday
857,2022-11-08,Sugarcane juice,Beverages,25,14,350,Online,female,Evening,2022,November,Tuesday
858,2022-11-22,Cold coffee,Beverages,40,9,360,Cash,male,Evening,2022,November,Tuesday
859,2022-10-08,Sandwich,Fastfood,60,11,660,Cash,female,Midnight,2022,October,Saturday
860,2022-07-16,Cold coffee,Beverages,40,5,200,Cash,male,Night,2022,July,Saturday
861,2023-01-24,Sugarcane juice,Beverages,25,8,200,Cash,female,Night,2023,January,Tuesday
862,2023-03-10,Frankie,Fastfood,50,7,350,Online,male,Night,2023,March,Friday
863,2022-09-08,Frankie,Fastfood,50,9,450,Online,male,Night,2022,September,Thursday
864,2022-08-20,Cold coffee,Beverages,40,9,360,Online,male,Morning,2022,August,Saturday
865,2023-01-23,Sugarcane juice,Beverages,25,6,150,Cash,female,Night,2023,January,Monday
866,2022-08-13,Frankie,Fastfood,50,10,500,Online,male,Midnight,2022,August,Saturday
867,2023-01-26,Frankie,Fastfood,50,15,750,Cash,male,Midnight,2023,January,Thursday
868,2022-08-17,Aalopuri,Fastfood,20,13,260,Cash,female,Evening,2022,August,Wednesday
869,2022-06-26,Panipuri,Fastfood,20,9,180,Online,male,Midnight,2022,June,Sunday
870,2022-10-31,Cold coffee,Beverages,40,5,200,Online,female,Afternoon,2022,October,Monday
871,2022-12-07,Vadapav,Fastfood,20,14,280,desconhecido,female,Evening,2022,December,Wednesday
872,2022-07-14,Sandwich,Fastfood,60,12,720,Cash,male,Afternoon,2022,July,Thursday
873,2022-05-09,Sugarcane juice,Beverages,25,1,25,Online,male,Night,2022,May,Monday
874,2022-05-09,Cold coffee,Beverages,40,4,160,Cash,male,Midnight,2022,May,Monday
875,2022-08-05,Vadapav,Fastfood,20,15,300,Cash,male,Evening,2022,August,Friday
876,2022-06-10,Cold coffee,Beverages,40,8,320,Online,female,Evening,2022,June,Friday
877,2022-10-27,Sugarcane juice,Beverages,25,14,350,Cash,female,Afternoon,2022,October,Thursday
878,2022-08-12,Sandwich,Fastfood,60,6,360,Online,male,Evening,2022,August,Friday
879,2022-11-06,Cold coffee,Beverages,40,9,360,Cash,female,Evening,2022,November,Sunday
880,2022-06-25,Sugarcane juice,Beverages,25,5,125,Cash,female,Morning,2022,June,Saturday
881,2022-05-25,Sandwich,Fastfood,60,2,120,Cash,male,Midnight,2022,May,Wednesday
882,2022-04-23,Panipuri,Fastfood,20,9,180,Online,male,Morning,2022,April,Saturday
883,2022-08-24,Aalopuri,Fastfood,20,5,100,Online,female,Midnight,2022,August,Wednesday
884,2023-03-01,Vadapav,Fastfood,20,12,240,Online,male,Night,2023,March,Wednesday
885,2022-10-16,Sugarcane juice,Beverages,25,4,100,Cash,male,Evening,2022,October,Sunday
886,2022-07-21,Sugarcane juice,Beverages,25,4,100,Cash,female,Night,2022,July,Thursday
887,2022-10-24,Aalopuri,Fastfood,20,3,60,Cash,male,Morning,2022,October,Monday
888,2022-09-05,Vadapav,Fastfood,20,8,160,Cash,male,Evening,2022,September,Monday
889,2022-04-12,Vadapav,Fastfood,20,10,200,Online,male,Midnight,2022,April,Tuesday
890,2023-03-03,Sugarcane juice,Beverages,25,5,125,Cash,female,Morning,2023,March,Friday
891,2022-12-27,Cold coffee,Beverages,40,11,440,Cash,male,Midnight,2022,December,Tuesday
892,2022-07-14,Sugarcane juice,Beverages,25,7,175,Online,female,Evening,2022,July,Thursday
893,2022-07-13,Sugarcane juice,Beverages,25,12,300,Cash,female,Afternoon,2022,July,Wednesday
894,2023-03-19,Sandwich,Fastfood,60,15,900,Cash,male,Morning,2023,March,Sunday
895,2023-01-03,Sugarcane juice,Beverages,25,11,275,Cash,male,Afternoon,2023,January,Tuesday
896,2022-10-30,Aalopuri,Fastfood,20,13,260,Cash,male,Night,2022,October,Sunday
897,2022-08-22,Aalopuri,Fastfood,20,6,120,Online,male,Morning,2022,August,Monday
898,2023-03-02,Frankie,Fastfood,50,8,400,Cash,male,Afternoon,2023,March,Thursday
899,2023-01-24,Aalopuri,Fastfood,20,7,140,Cash,male,Midnight,2023,January,Tuesday
900,2022-12-07,Sugarcane juice,Beverages,25,9,225,Online,male,Afternoon,2022,December,Wednesday
901,2022-12-24,Vadapav,Fastfood,20,7,140,Online,female,Morning,2022,December,Saturday
902,2022-11-23,Frankie,Fastfood,50,4,200,Online,male,Afternoon,2022,November,Wednesday
903,2023-01-01,Aalopuri,Fastfood,20,15,300,Online,male,Night,2023,January,Sunday
904,2023-03-12,Aalopuri,Fastfood,20,4,80,Cash,female,Midnight,2023,March,Sunday
905,2022-12-13,Frankie,Fastfood,50,15,750,Cash,female,Midnight,2022,December,Tuesday
906,2022-04-04,Sandwich,Fastfood,60,15,900,Cash,male,Afternoon,2022,April,Monday
907,2022-10-19,Cold coffee,Beverages,40,4,160,desconhecido,female,Midnight,2022,October,Wednesday
908,2023-03-06,Sandwich,Fastfood,60,7,420,Cash,female,Night,2023,March,Monday
909,2023-02-21,Cold coffee,Beverages,40,12,480,Online,female,Morning,2023,February,Tuesday
910,2022-10-09,Panipuri,Fastfood,20,1,20,Cash,female,Afternoon,2022,October,Sunday
911,2022-04-09,Sandwich,Fastfood,60,1,60,Cash,male,Evening,2022,April,Saturday
912,2022-09-17,Aalopuri,Fastfood,20,6,120,Cash,male,Evening,2022,September,Saturday
913,2023-02-15,Frankie,Fastfood,50,15,750,Online,male,Evening,2023,February,Wednesday
914,2023-03-01,Sandwich,Fastfood,60,14,840,Cash,male,Night,2023,March,Wednesday
915,2022-10-07,Cold coffee,Beverages,40,7,280,Online,male,Afternoon,2022,October,Friday
916,2022-11-17,Cold coffee,Beverages,40,15,600,desconhecido,female,Afternoon,2022,November,Thursday
917,2022-05-15,Vadapav,Fastfood,20,15,300,Online,male,Evening,2022,May,Sunday
918,2022-11-12,Panipuri,Fastfood,20,6,120,Cash,male,Evening,2022,November,Saturday
919,2023-01-03,Vadapav,Fastfood,20,8,160,Online,female,Evening,2023,January,Tuesday
920,2022-07-12,Frankie,Fastfood,50,13,650,Online,male,Evening,2022,July,Tuesday
921,2022-09-21,Vadapav,Fastfood,20,14,280,Cash,male,Midnight,2022,September,Wednesday
922,2022-06-13,Frankie,Fastfood,50,5,250,Online,female,Evening,2022,June,Monday
923,2022-05-30,Cold coffee,Beverages,40,3,120,Online,male,Morning,2022,May,Monday
924,2022-12-17,Panipuri,Fastfood,20,14,280,Cash,male,Afternoon,2022,December,Saturday
925,2022-04-10,Frankie,Fastfood,50,4,200,Online,female,Afternoon,2022,April,Sunday
926,2023-02-27,Frankie,Fastfood,50,15,750,Cash,female,Afternoon,2023,February,Monday
927,2022-12-02,Cold coffee,Beverages,40,6,240,desconhecido,female,Evening,2022,December,Friday
928,2022-04-07,Sandwich,Fastfood,60,11,660,Online,male,Evening,2022,April,Thursday
929,2022-06-06,Frankie,Fastfood,50,9,450,Online,female,Night,2022,June,Monday
930,2022-11-27,Sugarcane juice,Beverages,25,10,250,Online,male,Night,2022,November,Sunday
931,2022-06-26,Aalopuri,Fastfood,20,15,300,Cash,male,Afternoon,2022,June,Sunday
932,2022-10-18,Sandwich,Fastfood,60,9,540,Online,male,Afternoon,2022,October,Tuesday
933,2023-01-21,Sugarcane juice,Beverages,25,15,375,Online,female,Afternoon,2023,January,Saturday
934,2022-09-19,Cold coffee,Beverages,40,4,160,Cash,female,Afternoon,2022,September,Monday
935,2023-02-17,Sandwich,Fastfood,60,12,720,Cash,male,Midnight,2023,February,Friday
936,2022-08-10,Panipuri,Fastfood,20,2,40,desconhecido,male,Midnight,2022,August,Wednesday
937,2022-06-22,Panipuri,Fastfood,20,4,80,Cash,male,Night,2022,June,Wednesday
938,2022-08-10,Sugarcane juice,Beverages,25,14,350,Cash,male,Evening,2022,August,Wednesday
939,2023-02-19,Vadapav,Fastfood,20,15,300,Online,male,Midnight,2023,February,Sunday
940,2023-02-07,Sugarcane juice,Beverages,25,14,350,Online,female,Midnight,2023,February,Tuesday
941,2023-02-10,Cold coffee,Beverages,40,10,400,Online,female,Morning,2023,February,Friday
942,2022-07-20,Frankie,Fastfood,50,6,300,Cash,male,Night,2022,July,Wednesday
943,2022-06-30,Vadapav,Fastfood,20,6,120,Cash,female,Night,2022,June,Thursday
944,2022-05-12,Aalopuri,Fastfood,20,2,40,Cash,male,Midnight,2022,May,Thursday
945,2022-05-15,Cold coffee,Beverages,40,2,80,Online,female,Afternoon,2022,May,Sunday
946,2023-02-21,Sandwich,Fastfood,60,8,480,Cash,male,Midnight,2023,February,Tuesday
947,2022-08-16,Aalopuri,Fastfood,20,11,220,Online,male,Night,2022,August,Tuesday
948,2023-01-16,Sandwich,Fastfood,60,10,600,Online,male,Evening,2023,January,Monday
949,2023-01-07,Panipuri,Fastfood,20,1,20,Cash,female,Evening,2023,January,Saturday
950,2022-09-25,Frankie,Fastfood,50,6,300,Online,female,Evening,2022,September,Sunday
951,2022-11-11,Panipuri,Fastfood,20,11,220,Cash,female,Afternoon,2022,November,Friday
952,2022-09-24,Aalopuri,Fastfood,20,14,280,Cash,female,Evening,2022,September,Saturday
953,2022-11-10,Sandwich,Fastfood,60,2,120,Online,female,Afternoon,2022,November,Thursday
954,2023-01-31,Aalopuri,Fastfood,20,3,60,Cash,female,Midnight,2023,January,Tuesday
955,2023-01-27,Sugarcane juice,Beverages,25,7,175,Online,male,Afternoon,2023,January,Friday
956,2022-04-30,Frankie,Fastfood,50,13,650,Online,male,Morning,2022,April,Saturday
957,2023-02-08,Panipuri,Fastfood,20,3,60,Online,female,Midnight,2023,February,Wednesday
958,2022-05-22,Sandwich,Fastfood,60,11,660,Online,female,Night,2022,May,Sunday
959,2022-11-28,Vadapav,Fastfood,20,8,160,Online,female,Midnight,2022,November,Monday
960,2022-08-12,Sugarcane juice,Beverages,25,15,375,Online,female,Evening,2022,August,Friday
961,2023-03-14,Frankie,Fastfood,50,13,650,Cash,male,Night,2023,March,Tuesday
962,2022-05-18,Frankie,Fastfood,50,13,650,Online,female,Afternoon,2022,May,Wednesday
963,2022-10-05,Vadapav,Fastfood,20,6,120,Cash,female,Morning,2022,October,Wednesday
964,2022-05-07,Cold coffee,Beverages,40,8,320,Cash,male,Evening,2022,May,Saturday
965,2022-10-08,Frankie,Fastfood,50,5,250,Online,female,Night,2022,October,Saturday
966,2023-03-19,Panipuri,Fastfood,20,11,220,Online,female,Morning,2023,March,Sunday
967,2022-06-29,Cold coffee,Beverages,40,14,560,Cash,male,Afternoon,2022,June,Wednesday
968,2022-08-09,Cold coffee,Beverages,40,15,600,Cash,female,Morning,2022,August,Tuesday
969,2022-11-06,Cold coffee,Beverages,40,11,440,Cash,male,Morning,2022,November,Sunday
970,2022-11-21,Aalopuri,Fastfood,20,5,100,Online,female,Afternoon,2022,November,Monday
971,2022-10-02,Frankie,Fastfood,50,2,100,Cash,female,Morning,2022,October,Sunday
972,2023-03-11,Aalopuri,Fastfood,20,1,20,Cash,female,Afternoon,2023,March,Saturday
973,2022-06-07,Sugarcane juice,Beverages,25,1,25,desconhecido,female,Morning,2022,June,Tuesday
974,2023-01-28,Vadapav,Fastfood,20,13,260,Online,male,Afternoon,2023,January,Saturday
975,2023-01-15,Aalopuri,Fastfood,20,1,20,Cash,male,Midnight,2023,January,Sunday
976,2022-04-17,Sugarcane juice,Beverages,25,11,275,desconhecido,female,Morning,2022,April,Sunday
977,2023-01-05,Aalopuri,Fastfood,20,1,20,Cash,male,Evening,2023,January,Thursday
978,2022-10-08,Frankie,Fastfood,50,2,100,Online,male,Night,2022,October,Saturday
979,2022-05-21,Aalopuri,Fastfood,20,13,260,Cash,female,Midnight,2022,May,Saturday
980,2022-06-20,Vadapav,Fastfood,20,9,180,Online,male,Morning,2022,June,Monday
981,2023-01-22,Panipuri,Fastfood,20,15,300,Online,male,Midnight,2023,January,Sunday
982,2023-03-30,Sugarcane juice,Beverages,25,14,350,Cash,female,Night,2023,March,Thursday
983,2023-03-17,Cold coffee,Beverages,40,10,400,desconhecido,female,Night,2023,March,Friday
984,2023-01-07,Frankie,Fastfood,50,3,150,Cash,male,Afternoon,2023,January,Saturday
985,2022-06-14,Frankie,Fastfood,50,1,50,Cash,female,Afternoon,2022,June,Tuesday
986,2022-04-30,Sugarcane juice,Beverages,25,13,325,Online,male,Night,2022,April,Saturday
987,2023-01-04,Vadapav,Fastfood,20,3,60,Cash,female,Evening,2023,January,Wednesday
988,2023-01-03,Frankie,Fastfood,50,13,650,desconhecido,female,Night,2023,January,Tuesday
989,2022-10-11,Cold coffee,Beverages,40,13,520,Cash,male,Afternoon,2022,October,Tuesday
990,2022-11-24,Vadapav,Fastfood,20,10,200,Online,female,Morning,2022,November,Thursday
991,2023-01-18,Sandwich,Fastfood,60,7,420,Cash,female,Night,2023,January,Wednesday
992,2022-10-21,Sandwich,Fastfood,60,5,300,Cash,male,Morning,2022,October,Friday
993,2022-07-17,Frankie,Fastfood,50,3,150,Online,female,Night,2022,July,Sunday
994,2022-11-01,Panipuri,Fastfood,20,2,40,Online,female,Evening,2022,November,Tuesday
995,2022-06-18,Sugarcane juice,Beverages,25,1,25,Online,male,Night,2022,June,Saturday
996,2023-03-19,Frankie,Fastfood,50,10,500,desconhecido,female,Evening,2023,March,Sunday
997,2022-09-20,Sandwich,Fastfood,60,7,420,desconhecido,male,Evening,2022,September,Tuesday
998,2023-01-26,Sandwich,Fastfood,60,13,780,desconhecido,male,Evening,2023,January,Thursday
999,2022-08-27,Panipuri,Fastfood,20,5,100,desconhecido,female,Afternoon,2022,August,Saturday
1000,2022-05-29,Aalopuri,Fastfood,20,3,60,Online,female,Midnight,2022,May,Sunday
